id,first_name,last_name,email,username,password,country
1,Kalina,Lunn,klunn0@columbia.edu,klunn0,E9AGS40,Moldova
2,Veradis,Gouldstone,vgouldstone1@trellian.com,vgouldstone1,ERbQPC,United States
3,Kimbell,Padson,kpadson2@4shared.com,kpadson2,Qrt2xa7,East Timor
4,Bobbee,Jopke,bjopke3@vimeo.com,bjopke3,EAdfpBQi0,Morocco
5,Koren,Hulance,khulance4@live.com,khulance4,DwlsjiQ,Eritrea
6,Luigi,Swadon,lswadon5@drupal.org,lswadon5,8nI8w8T,China
7,Petey,Ratke,pratke6@weibo.com,pratke6,qYT4tE,Russia
8,Charlot,Weavers,cweavers7@shinystat.com,cweavers7,kxlES6,Portugal
9,Anna-maria,Fillery,afillery8@java.com,afillery8,pnKePh2,Poland
10,Roselle,Huard,rhuard9@desdev.cn,rhuard9,YwYeIGnx70F3,China
11,Tiebold,Benduhn,tbenduhna@typepad.com,tbenduhna,dETUb1OAdI,Russia
12,Rosetta,Wroughton,rwroughtonb@berkeley.edu,rwroughtonb,FAorJz0Vy,Yemen
13,Lucky,Milliken,lmillikenc@photobucket.com,lmillikenc,QU9KKwcJWIbQ,Uganda
14,Blithe,Dollard,bdollardd@drupal.org,bdollardd,fDZazh3U,Indonesia
15,Eleanore,Chanders,echanderse@businessweek.com,echanderse,yxNZ4R1n,Indonesia
16,Ezra,Pointin,epointinf@senate.gov,epointinf,nvPhJF72prN,Indonesia
17,Gustie,Rebert,grebertg@scientificamerican.com,grebertg,vYlR1ZG,Indonesia
18,Brnaba,Salleir,bsalleirh@ucoz.ru,bsalleirh,P2X9Qu3av6,Indonesia
19,Farr,Hegg,fheggi@amazon.de,fheggi,gEvL4rZ,Colombia
20,Nanine,Youngman,nyoungmanj@github.io,nyoungmanj,fPqCYHjA,Latvia
21,Anatole,Hurley,ahurleyk@bravesites.com,ahurleyk,9EcKmazi,France
22,Guy,Ygo,gygol@1688.com,gygol,u4R1bq6w,Brazil
23,Luis,De Avenell,ldeavenellm@prweb.com,ldeavenellm,icJ9mRn4h,Nigeria
24,Sayer,Havvock,shavvockn@etsy.com,shavvockn,s9uhE6WPV,France
25,Herb,Gladwin,hgladwino@answers.com,hgladwino,YCHGzMWKxt,Japan
26,Hesther,Simmens,hsimmensp@yahoo.com,hsimmensp,jBaLWx7r,Comoros
27,Leland,Lound,lloundq@devhub.com,lloundq,rmVPXRg0OuS,Canada
28,Maximilianus,Tallant,mtallantr@blogspot.com,mtallantr,zTE3gc8,China
29,Silvano,Grinikhinov,sgrinikhinovs@blinklist.com,sgrinikhinovs,Ztl3t4BBpcjn,Japan
30,Von,Carbin,vcarbint@state.gov,vcarbint,CFhlGp,Brazil
31,Keefer,Cazalet,kcazaletu@netvibes.com,kcazaletu,4hT7vlUCszcc,Panama
32,Cristal,Durrand,cdurrandv@nydailynews.com,cdurrandv,3xWpwqgQt2Ci,Kazakhstan
33,Evangelin,Heimes,eheimesw@cargocollective.com,eheimesw,84PRWxa9BV,Azerbaijan
34,Freddie,Rastall,frastallx@hibu.com,frastallx,s5zDWTTkkFXR,Indonesia
35,Marlena,Capeling,mcapelingy@wufoo.com,mcapelingy,Cokak662X5N,China
36,Carry,Dilawey,cdilaweyz@cafepress.com,cdilaweyz,X2F41D9OWzyq,United States
37,Audrie,Normant,anormant10@fotki.com,anormant10,tGrOiCHjYX8J,China
38,Katuscha,Ofener,kofener11@cdc.gov,kofener11,2I4UZJLFloLL,United States
39,Glen,Gadney,ggadney12@bloglovin.com,ggadney12,Hgm3HNsf,Pakistan
40,Flori,Dachey,fdachey13@engadget.com,fdachey13,3DR6EACE5,Spain
41,Chad,Pegden,cpegden14@netvibes.com,cpegden14,mIKXAsrQL7,Brazil
42,Alfie,Lamboll,alamboll15@gizmodo.com,alamboll15,6KOANVTQBYm,Ukraine
43,Montague,Mac,mmac16@altervista.org,mmac16,DIPV6ypf,China
44,Waldo,Cowper,wcowper17@ezinearticles.com,wcowper17,g2QX9fhii,Indonesia
45,Saxe,Strong,sstrong18@zdnet.com,sstrong18,iHJqzRtCD,Israel
46,Tyne,Colten,tcolten19@networksolutions.com,tcolten19,PuTWzO,Bhutan
47,Iosep,Miguel,imiguel1a@spotify.com,imiguel1a,o7jWXFT,China
48,Sabine,Fantham,sfantham1b@jalbum.net,sfantham1b,SyrJVSS,China
49,Darius,Petteford,dpetteford1c@irs.gov,dpetteford1c,c4WQ376,Hungary
50,Rosemaria,Lydall,rlydall1d@godaddy.com,rlydall1d,lxcaNUgxA3Fk,Indonesia
51,Israel,Halversen,ihalversen1e@hubpages.com,ihalversen1e,IZtzuwU,China
52,Thane,Whiscard,twhiscard1f@nps.gov,twhiscard1f,yuEZPiyXkqzJ,Greece
53,Cynthia,Lapping,clapping1g@weebly.com,clapping1g,RIWpfis8G,Russia
54,Kirbie,Crossland,kcrossland1h@un.org,kcrossland1h,bRaK0Rod,China
55,Pascale,Gandar,pgandar1i@cdbaby.com,pgandar1i,I38Hi0Isx,Chile
56,Madelyn,Floyd,mfloyd1j@loc.gov,mfloyd1j,CA39QvhYGMff,Philippines
57,Hirsch,Bodd,hbodd1k@fda.gov,hbodd1k,rSCPA5ans,Indonesia
58,Sascha,Fulkes,sfulkes1l@google.ca,sfulkes1l,gkh3HfJ0j,South Africa
59,Annetta,Laraway,alaraway1m@gnu.org,alaraway1m,FN5VvxtuNlwW,Senegal
60,Georgianna,Trusler,gtrusler1n@canalblog.com,gtrusler1n,kXjXrD,Peru
61,Kristy,Brazier,kbrazier1o@networksolutions.com,kbrazier1o,APq7QTYZE2hH,Philippines
62,Evelin,Tilmouth,etilmouth1p@elegantthemes.com,etilmouth1p,Rgs82m,Russia
63,Andy,Sitwell,asitwell1q@nbcnews.com,asitwell1q,qvc71Lh,Peru
64,Berna,Rookledge,brookledge1r@flavors.me,brookledge1r,3wcfHhFy,China
65,Hilliary,Coneybeer,hconeybeer1s@businessweek.com,hconeybeer1s,E5kZB0O,Marshall Islands
66,Lazare,Catmull,lcatmull1t@cnbc.com,lcatmull1t,b1oeZGa,China
67,Bev,Floyd,bfloyd1u@networksolutions.com,bfloyd1u,TytfomnghJ9,Russia
68,Natala,Cramond,ncramond1v@unicef.org,ncramond1v,ApcEvp7WoUzI,Sri Lanka
69,Tanny,Buckleigh,tbuckleigh1w@csmonitor.com,tbuckleigh1w,oUfTcE,China
70,Sonnie,Hawkett,shawkett1x@un.org,shawkett1x,cVhmjt2bGEt0,Indonesia
71,Benni,Sumers,bsumers1y@msu.edu,bsumers1y,4bGI9OBgee,China
72,Alon,Reily,areily1z@addthis.com,areily1z,JxA7B9dT,China
73,Robbin,Bing,rbing20@trellian.com,rbing20,17KlJcg5cRn,Afghanistan
74,Kit,Grinin,kgrinin21@princeton.edu,kgrinin21,SisAQjm,Dominican Republic
75,Arabelle,Roaf,aroaf22@opensource.org,aroaf22,bpM9qGVd,Bulgaria
76,Izabel,Cham,icham23@statcounter.com,icham23,h3LNiQv4,China
77,Faith,Bolzmann,fbolzmann24@mac.com,fbolzmann24,WfEGlWJ5,Zambia
78,Carla,Melhuish,cmelhuish25@epa.gov,cmelhuish25,9QhvfsO,France
79,Donny,Delion,ddelion26@live.com,ddelion26,oe4ajcyV,China
80,Eal,Coltman,ecoltman27@bravesites.com,ecoltman27,ClQXLgyV,Indonesia
81,Giraud,Shooter,gshooter28@nytimes.com,gshooter28,7SDPEEpzMZ,Indonesia
82,Elene,Kennsley,ekennsley29@example.com,ekennsley29,4V5vZwY6SXug,Philippines
83,Charlton,Biesty,cbiesty2a@blog.com,cbiesty2a,Sdfu0aoN6,China
84,Clayborne,Dudley,cdudley2b@mayoclinic.com,cdudley2b,zil8U1Rg3Pw,China
85,Othilia,Franses,ofranses2c@amazonaws.com,ofranses2c,Vnle4cj3dU5,Philippines
86,Aida,Bungey,abungey2d@irs.gov,abungey2d,sAcEM79GxZWD,Zimbabwe
87,Ailina,Kassman,akassman2e@guardian.co.uk,akassman2e,2eltIaVwsh,France
88,Ellswerth,Orehead,eorehead2f@phoca.cz,eorehead2f,N57PiLyIv,Philippines
89,Matteo,Sudran,msudran2g@dedecms.com,msudran2g,SUGUIcLo,China
90,Natala,Deaville,ndeaville2h@army.mil,ndeaville2h,u0UYCbw9my,Finland
91,Collen,Van Der Weedenburg,cvanderweedenburg2i@kickstarter.com,cvanderweedenburg2i,b3T1asNjC4ti,Mexico
92,Atlante,Magner,amagner2j@kickstarter.com,amagner2j,cQEO5i5YuDi,Netherlands
93,Jori,McGreil,jmcgreil2k@prnewswire.com,jmcgreil2k,xyqQ4VHSl,China
94,Cassius,Murty,cmurty2l@multiply.com,cmurty2l,CVqnIEd8j,Belarus
95,Rolph,Veivers,rveivers2m@usa.gov,rveivers2m,gxLIwm3fRrR,Czech Republic
96,Carly,Blackey,cblackey2n@vkontakte.ru,cblackey2n,8XetgiRq,China
97,Peria,Shepstone,pshepstone2o@marriott.com,pshepstone2o,HFXPQrd,China
98,Trixie,Yashanov,tyashanov2p@yolasite.com,tyashanov2p,pTNs5SJpzE,Indonesia
99,Buckie,Caltun,bcaltun2q@wix.com,bcaltun2q,MtaHFS,Kyrgyzstan
100,Eldridge,Minghetti,eminghetti2r@bloglovin.com,eminghetti2r,ScWPneVC,Russia
101,Tomasine,Blakeden,tblakeden2s@ca.gov,tblakeden2s,EqwmTVT,China
102,Aldridge,Kwietak,akwietak2t@w3.org,akwietak2t,8nL8C1Cx1,Portugal
103,Anny,Hendrichs,ahendrichs2u@flickr.com,ahendrichs2u,GE9Be1dNl,Germany
104,Delmar,Keiling,dkeiling2v@wikispaces.com,dkeiling2v,Ea60GVR98rZ,Philippines
105,Stephine,Perryn,sperryn2w@feedburner.com,sperryn2w,Uvk9yBEBDKzi,Peru
106,Mortimer,Simioni,msimioni2x@aboutads.info,msimioni2x,D1eXw5SJ,Philippines
107,Jonathon,Yantsev,jyantsev2y@barnesandnoble.com,jyantsev2y,RpGwNw,Honduras
108,Hakim,Iddins,hiddins2z@ucoz.ru,hiddins2z,zDIfEwIeV,Argentina
109,Kinnie,Buckie,kbuckie30@reuters.com,kbuckie30,ORhxD8wrZ8W,Poland
110,Fee,Calken,fcalken31@amazon.co.uk,fcalken31,YFCR7ToxIXTP,Myanmar
111,Malvina,Girault,mgirault32@addthis.com,mgirault32,WMkIuCJQ5p,Peru
112,Judy,Gossan,jgossan33@altervista.org,jgossan33,EgYu1B4,China
113,Tristam,Kerr,tkerr34@plala.or.jp,tkerr34,d8aSCmevR,Colombia
114,Frants,Withrop,fwithrop35@ow.ly,fwithrop35,CLKSE5,Poland
115,Melisande,Colliard,mcolliard36@com.com,mcolliard36,JN8Lp3sNUk,Ukraine
116,Rena,Websdale,rwebsdale37@histats.com,rwebsdale37,kWRZ7rd3m,El Salvador
117,Faythe,Dumphries,fdumphries38@sfgate.com,fdumphries38,UxYnpUUmIF3,Poland
118,Brynna,Redwin,bredwin39@cnn.com,bredwin39,rk0Fojf,Indonesia
119,Nathalie,Bonnell,nbonnell3a@miibeian.gov.cn,nbonnell3a,ldKpK1mMp9qD,Russia
120,Emmalynn,Cocking,ecocking3b@ifeng.com,ecocking3b,UkRReWQq,China
121,Darcy,Yeudall,dyeudall3c@cornell.edu,dyeudall3c,4r1qki,Palestinian Territory
122,Adiana,Mintoft,amintoft3d@chronoengine.com,amintoft3d,KxbkBo,Colombia
123,Chiarra,McPhelim,cmcphelim3e@jalbum.net,cmcphelim3e,B5x6Yr,Colombia
124,Gabrielle,Dudderidge,gdudderidge3f@tinyurl.com,gdudderidge3f,bVwzEU7Bhp,Russia
125,Kim,Calveley,kcalveley3g@wp.com,kcalveley3g,dgslLSz8uR,Taiwan
126,Shandra,Causnett,scausnett3h@wordpress.com,scausnett3h,BLazOFV,Argentina
127,Joby,Fredson,jfredson3i@si.edu,jfredson3i,vPTIbyfJat,Thailand
128,Nikolai,Fusco,nfusco3j@wsj.com,nfusco3j,z5f7fjyQK,Indonesia
129,Teriann,Ulyet,tulyet3k@shop-pro.jp,tulyet3k,wGedRRYr,Philippines
130,Ettie,Quince,equince3l@arizona.edu,equince3l,uwZ7sxq,China
131,Byran,Sikora,bsikora3m@princeton.edu,bsikora3m,pvoDN7,Russia
132,Carlita,Spikeings,cspikeings3n@elpais.com,cspikeings3n,wSXYmv,Philippines
133,Haley,Flacknell,hflacknell3o@usnews.com,hflacknell3o,NeViOar,Micronesia
134,Prent,Fydoe,pfydoe3p@cbc.ca,pfydoe3p,VL694vl,Sweden
135,Ignazio,Aslett,iaslett3q@arstechnica.com,iaslett3q,Z4DO9b,Uzbekistan
136,Kirstyn,Stormes,kstormes3r@mayoclinic.com,kstormes3r,vyFJvn,China
137,Nap,Van der Velde,nvandervelde3s@symantec.com,nvandervelde3s,25bZXbXX,Sweden
138,Austen,Piken,apiken3t@archive.org,apiken3t,hpVhblU,Haiti
139,Em,Portam,eportam3u@reference.com,eportam3u,rl1K9gSGxm,Philippines
140,Dyanna,Frobisher,dfrobisher3v@paypal.com,dfrobisher3v,XHYOW1nV,China
141,Evelina,Ramelet,eramelet3w@google.de,eramelet3w,ptU9NnLZRnB7,France
142,Pyotr,Qualtro,pqualtro3x@gizmodo.com,pqualtro3x,ppfzfxdk,Mexico
143,Glen,Matthewes,gmatthewes3y@privacy.gov.au,gmatthewes3y,QRo7RteaGCG,Argentina
144,Alf,Bimrose,abimrose3z@biblegateway.com,abimrose3z,2TMQpC6RoAWK,Sweden
145,Meir,Mahady,mmahady40@goo.gl,mmahady40,xriPgrxrfE,Russia
146,Portia,Hrycek,phrycek41@creativecommons.org,phrycek41,XpmCf4,Portugal
147,Sonni,Lowrance,slowrance42@ibm.com,slowrance42,r8h6xz6QBbK,Vietnam
148,Evangelin,Marti,emarti43@nih.gov,emarti43,EAMN3x,Philippines
149,Jacobo,Elmes,jelmes44@gmpg.org,jelmes44,LsNNU6,Jamaica
150,Tallie,Wyleman,twyleman45@goo.ne.jp,twyleman45,ZssW2QF,Russia
151,Lyndsey,Bamber,lbamber46@sohu.com,lbamber46,kjBA3r,Australia
152,Ernestine,Testro,etestro47@mediafire.com,etestro47,H1IqlQYo,Russia
153,Faulkner,Burdass,fburdass48@sakura.ne.jp,fburdass48,HM8BlTrqS,China
154,Yancy,Kinzett,ykinzett49@4shared.com,ykinzett49,VnNmC2,Tajikistan
155,Steffen,Lappin,slappin4a@ucoz.ru,slappin4a,Nce4vnB,China
156,Marielle,Klulicek,mklulicek4b@webeden.co.uk,mklulicek4b,YetB9q,Nigeria
157,Kendell,Klemenz,kklemenz4c@purevolume.com,kklemenz4c,FTSqsuKE,Poland
158,Wolf,Joiris,wjoiris4d@eepurl.com,wjoiris4d,r10lfVjYq,Argentina
159,Evelina,Aldington,ealdington4e@umich.edu,ealdington4e,b1FG3Qro,Indonesia
160,Lorenzo,Player,lplayer4f@amazon.com,lplayer4f,8xibRJ5SJc,Belarus
161,Maddie,Alonso,malonso4g@vistaprint.com,malonso4g,hMJ7sAUgc4,Indonesia
162,Aleece,Capitano,acapitano4h@deliciousdays.com,acapitano4h,zFI5t8,France
163,Katine,Goede,kgoede4i@twitter.com,kgoede4i,JRvsoN,Indonesia
164,Ainsley,Kilgallen,akilgallen4j@yellowpages.com,akilgallen4j,edtXmGoQdYCK,Colombia
165,Darrick,Mobius,dmobius4k@java.com,dmobius4k,kL4pWX,Azerbaijan
166,Ezequiel,Heijnen,eheijnen4l@biglobe.ne.jp,eheijnen4l,V3KsqQMtmX,China
167,Brina,Cawse,bcawse4m@msn.com,bcawse4m,C9sELtHFE,Uruguay
168,Darbie,Berriman,dberriman4n@last.fm,dberriman4n,GAh7ECDC,Canada
169,Nadeen,Cullip,ncullip4o@google.com,ncullip4o,q9vfJiLVHAi,Brazil
170,Cointon,Leppington,cleppington4p@themeforest.net,cleppington4p,2Qjv5OKKQ,Canada
171,Benyamin,Petruskevich,bpetruskevich4q@patch.com,bpetruskevich4q,67QKoW2P,Japan
172,Frannie,McGarvie,fmcgarvie4r@nasa.gov,fmcgarvie4r,VlneztgmYLQ,Russia
173,Asia,Sawle,asawle4s@china.com.cn,asawle4s,lcP3pbJ0iwJ,Poland
174,Pippy,Finnimore,pfinnimore4t@joomla.org,pfinnimore4t,4myYO3218Vu,China
175,Meta,Joan,mjoan4u@posterous.com,mjoan4u,GoMwsi,China
176,Kitti,Hoxey,khoxey4v@jiathis.com,khoxey4v,H519Nuwu,Ivory Coast
177,Veronique,Grundle,vgrundle4w@wikia.com,vgrundle4w,jlny9BHBC2z,Ukraine
178,Boyce,Swanbourne,bswanbourne4x@1und1.de,bswanbourne4x,omBooIMyU,Indonesia
179,Casey,Vallery,cvallery4y@mozilla.org,cvallery4y,HxJKDO,Netherlands
180,Say,Heddan,sheddan4z@prnewswire.com,sheddan4z,0oNncifP4,Panama
181,Hort,Imlach,himlach50@samsung.com,himlach50,WxRxdM,Venezuela
182,See,Fosh,sfosh51@biblegateway.com,sfosh51,aflDw7laJ,China
183,Kattie,Grissett,kgrissett52@slate.com,kgrissett52,9dFdzvxtNwR,Indonesia
184,Jacklin,Pagen,jpagen53@xinhuanet.com,jpagen53,gXbgZq1rY1m,Colombia
185,Datha,MacGibbon,dmacgibbon54@cbc.ca,dmacgibbon54,wNOAeLhf0Zjr,Uganda
186,Dedra,Arnett,darnett55@linkedin.com,darnett55,ZbMKZbK6HmD,Portugal
187,Quent,Jaumet,qjaumet56@sbwire.com,qjaumet56,lft6UmLT,Finland
188,Gaile,Gorce,ggorce57@cdbaby.com,ggorce57,xV1WfOX5ASrT,Palestinian Territory
189,Ilysa,Lambricht,ilambricht58@slashdot.org,ilambricht58,Fk5aXw07S5,Japan
190,Reid,Kinastan,rkinastan59@buzzfeed.com,rkinastan59,Od4HsmsU,China
191,Hoyt,Stirley,hstirley5a@indiegogo.com,hstirley5a,w3Wqy8A3,Philippines
192,Gabriele,Smowton,gsmowton5b@pen.io,gsmowton5b,D2I5Wm,Russia
193,Louisette,England,lengland5c@devhub.com,lengland5c,IGn9xu0Ks,China
194,Clayborne,Tulley,ctulley5d@wisc.edu,ctulley5d,2RRaq2Ni7xj,China
195,Tatiania,Paradis,tparadis5e@posterous.com,tparadis5e,U3qY8c,Colombia
196,Robby,Pepin,rpepin5f@acquirethisname.com,rpepin5f,hvPSpcObp,Philippines
197,Hewitt,Hendrickson,hhendrickson5g@unesco.org,hhendrickson5g,U7J6078w,China
198,Tildie,Flecknoe,tflecknoe5h@soup.io,tflecknoe5h,A4Xho9iCqPM,France
199,Tann,Stennet,tstennet5i@fastcompany.com,tstennet5i,DMdBwTD6C8,Mexico
200,Edeline,Pitson,epitson5j@latimes.com,epitson5j,qUKy33T1UcO,Yemen
201,Corie,Campanelle,ccampanelle5k@lulu.com,ccampanelle5k,sanCAc3RQ,Czech Republic
202,Clemens,Saffe,csaffe5l@tumblr.com,csaffe5l,xlpH9cu,Cyprus
203,Elton,Dackombe,edackombe5m@senate.gov,edackombe5m,1JfGVg3,Russia
204,My,Meconi,mmeconi5n@about.me,mmeconi5n,DGjMBvojp,Colombia
205,Justinian,Sagrott,jsagrott5o@alexa.com,jsagrott5o,53bhf4A,Indonesia
206,Elinor,Wanklin,ewanklin5p@un.org,ewanklin5p,wOPpNz4a1b,China
207,Katerina,Lunnon,klunnon5q@canalblog.com,klunnon5q,HK9gHAkCAd,Greece
208,Cher,Sherrin,csherrin5r@hostgator.com,csherrin5r,YCzd7J,China
209,Sigrid,Beckford,sbeckford5s@msn.com,sbeckford5s,as6u9zfGa,France
210,Matthias,Boarder,mboarder5t@google.co.uk,mboarder5t,yqtfj0S7FK,China
211,Ced,Comberbeach,ccomberbeach5u@mysql.com,ccomberbeach5u,RHovc4,Egypt
212,Goran,Edmand,gedmand5v@shinystat.com,gedmand5v,OgcE3g6qiCsk,South Korea
213,Martino,Raccio,mraccio5w@360.cn,mraccio5w,wUPb22y,Ireland
214,Reta,Newitt,rnewitt5x@moonfruit.com,rnewitt5x,UmcYWyj,China
215,Guglielmo,Renn,grenn5y@ftc.gov,grenn5y,aA0BlM5fDkR,Poland
216,Gibby,Cosson,gcosson5z@uiuc.edu,gcosson5z,oGCYxmmYg7,Estonia
217,Danella,Cowser,dcowser60@newyorker.com,dcowser60,v2y4oix,Pakistan
218,Bernardo,Carswell,bcarswell61@artisteer.com,bcarswell61,OQGyRT,France
219,Chris,Lowe,clowe62@shinystat.com,clowe62,Xe8VYgjI,New Zealand
220,Chan,Reedy,creedy63@engadget.com,creedy63,fQeH5C0sd,Vietnam
221,Tina,De La Cote,tdelacote64@berkeley.edu,tdelacote64,HQ74bmiXjWuL,Philippines
222,Gillian,Roze,groze65@columbia.edu,groze65,oDKkdEd6yuJL,Sweden
223,Violet,Klaussen,vklaussen66@istockphoto.com,vklaussen66,NsBj2FUDKAc,Paraguay
224,Hedda,Denisevich,hdenisevich67@hao123.com,hdenisevich67,2TyVJst,Philippines
225,Muire,Bisacre,mbisacre68@hao123.com,mbisacre68,kEMVRfQXZqiV,China
226,Lisabeth,Yorath,lyorath69@ning.com,lyorath69,3z6tPl,Tanzania
227,Hymie,Goodger,hgoodger6a@cafepress.com,hgoodger6a,Wi6uMw,Yemen
228,Jolene,Dansken,jdansken6b@tripadvisor.com,jdansken6b,4NN57ahNhIW,Poland
229,Addy,Foux,afoux6c@weather.com,afoux6c,VQKmAe4m,Bolivia
230,Vincents,Spellsworth,vspellsworth6d@marketwatch.com,vspellsworth6d,et6RIGuOnqaz,Indonesia
231,Tobias,Husby,thusby6e@cmu.edu,thusby6e,yt22OP,China
232,Nollie,Achromov,nachromov6f@patch.com,nachromov6f,8HYc3v8Ru,Cuba
233,Davida,Drinkall,ddrinkall6g@columbia.edu,ddrinkall6g,FjJuMFt,Honduras
234,Lorna,Garling,lgarling6h@hp.com,lgarling6h,tA8VuCHF,Indonesia
235,Richmond,Bartoletti,rbartoletti6i@umich.edu,rbartoletti6i,vFqvMMm,Macao
236,Randene,Brognot,rbrognot6j@devhub.com,rbrognot6j,mbRpHMS,Ukraine
237,Charisse,McCluney,cmccluney6k@nyu.edu,cmccluney6k,3LTwWRCjFh15,Portugal
238,Dotty,Persent,dpersent6l@nydailynews.com,dpersent6l,KYVvt99,Yemen
239,Niels,Ros,nros6m@auda.org.au,nros6m,LPwiXTQI,Nigeria
240,Haywood,Potier,hpotier6n@baidu.com,hpotier6n,eveKSA9,France
241,Bridget,Searjeant,bsearjeant6o@typepad.com,bsearjeant6o,n7jZGg,Mongolia
242,Mehetabel,Congrave,mcongrave6p@cbsnews.com,mcongrave6p,mHUT5Vx,France
243,Rafe,Somerset,rsomerset6q@goo.gl,rsomerset6q,nAbADpEdr9,Canada
244,Peirce,Plunket,pplunket6r@mashable.com,pplunket6r,UcuVXxzYnDb,China
245,Ody,Necrews,onecrews6s@wordpress.org,onecrews6s,MfaXbp7Twv0,Thailand
246,Marni,Laurisch,mlaurisch6t@pcworld.com,mlaurisch6t,zjo8UN9r1SXp,Canada
247,Vallie,Chard,vchard6u@blogspot.com,vchard6u,Sh7XfQdRLNZn,Thailand
248,Shel,Danit,sdanit6v@chronoengine.com,sdanit6v,tkGIGT3,Madagascar
249,Neala,Hinksen,nhinksen6w@washington.edu,nhinksen6w,HAKsb0Ayu,Czech Republic
250,Mandy,Abela,mabela6x@bravesites.com,mabela6x,LkqrqK,Portugal
251,Rosemary,Kerfut,rkerfut6y@taobao.com,rkerfut6y,AbkO4pVzl,Indonesia
252,Myles,Seleway,mseleway6z@bluehost.com,mseleway6z,KMLIQPm5rhB,China
253,Yuri,Scogings,yscogings70@infoseek.co.jp,yscogings70,OVnWd3Nx,Philippines
254,Travers,Lidgate,tlidgate71@theglobeandmail.com,tlidgate71,CBSxoZXe,Indonesia
255,Arther,Gerbi,agerbi72@paypal.com,agerbi72,dl56KA,Spain
256,Lynnet,Gunton,lgunton73@buzzfeed.com,lgunton73,yFJFchmn0b,Indonesia
257,Angelina,Burleton,aburleton74@symantec.com,aburleton74,MZqbvdkVbNcz,Philippines
258,Daffi,Murrell,dmurrell75@phoca.cz,dmurrell75,06u3j2VW,Namibia
259,Doug,MacSkeaghan,dmacskeaghan76@rediff.com,dmacskeaghan76,HG16jNdRCsCQ,China
260,Hedvig,Hardway,hhardway77@hexun.com,hhardway77,A3a3PO2O2xZ,Indonesia
261,Bronson,Topes,btopes78@cdbaby.com,btopes78,oqzR6Tve,Philippines
262,Paddy,Bamlett,pbamlett79@berkeley.edu,pbamlett79,aqe9ifoT4,Brazil
263,Jeanie,Tumulty,jtumulty7a@state.gov,jtumulty7a,OmuSpJ,China
264,Allsun,Cresar,acresar7b@cbc.ca,acresar7b,Yv3cY5Y,Indonesia
265,Ania,Kielty,akielty7c@blogs.com,akielty7c,g1IJT1PH,Norway
266,Monty,Orneblow,morneblow7d@newyorker.com,morneblow7d,b2a8BWCn,Indonesia
267,Sigrid,Smillie,ssmillie7e@exblog.jp,ssmillie7e,aBEJXRoMPyY,France
268,Flo,Cromwell,fcromwell7f@nbcnews.com,fcromwell7f,bsltPuk875FV,Indonesia
269,Jacquetta,Antrum,jantrum7g@prnewswire.com,jantrum7g,vMTeFg,Democratic Republic of the Congo
270,Hewe,Kaliszewski,hkaliszewski7h@ehow.com,hkaliszewski7h,UO16F43,Russia
271,Ritchie,Faichnie,rfaichnie7i@nbcnews.com,rfaichnie7i,7k7qstQ8f,China
272,Efren,Arthy,earthy7j@hugedomains.com,earthy7j,CVKuCWb,Russia
273,Modestia,Bird,mbird7k@census.gov,mbird7k,6fzamw,Bangladesh
274,Trevor,Sisson,tsisson7l@rakuten.co.jp,tsisson7l,A2iiczry,Norway
275,Nikolaos,MacPaden,nmacpaden7m@google.es,nmacpaden7m,wjTlvzA,Indonesia
276,Fiorenze,Munehay,fmunehay7n@fastcompany.com,fmunehay7n,LvZ8Hn2,Japan
277,Mahmoud,Lafranconi,mlafranconi7o@hao123.com,mlafranconi7o,W5Cjxr,Brazil
278,Thalia,Lillyman,tlillyman7p@timesonline.co.uk,tlillyman7p,0jczRLM1sAU,China
279,Janeczka,Killingworth,jkillingworth7q@wunderground.com,jkillingworth7q,wR2Pd5o7,Brazil
280,Louis,Gauford,lgauford7r@shareasale.com,lgauford7r,9lYiTR2,Latvia
281,Simone,Rhymer,srhymer7s@loc.gov,srhymer7s,Vzy4I1z4L,Iran
282,Orin,Northley,onorthley7t@freewebs.com,onorthley7t,SK4ikJgYh,Ireland
283,Ximenez,Swaite,xswaite7u@npr.org,xswaite7u,OADbJGCI,Portugal
284,Robina,Keaveney,rkeaveney7v@wordpress.com,rkeaveney7v,tJsq1mWD3FEp,Kosovo
285,Clint,Priter,cpriter7w@booking.com,cpriter7w,orOLKQhVu2m,Czech Republic
286,Boot,Winckworth,bwinckworth7x@amazon.com,bwinckworth7x,T60y5PkOAGk,Indonesia
287,Phillipe,Cridland,pcridland7y@gravatar.com,pcridland7y,B3uYxQLNZEY,China
288,Rodd,Pickford,rpickford7z@soundcloud.com,rpickford7z,x4QUUq,Philippines
289,Mathian,Biever,mbiever80@photobucket.com,mbiever80,5vHS9t,Portugal
290,Guntar,Camplen,gcamplen81@rambler.ru,gcamplen81,M0EC4krjK,Cuba
291,Linnea,Blouet,lblouet82@comcast.net,lblouet82,bYAA5FNv,China
292,Rhetta,Aiskrigg,raiskrigg83@utexas.edu,raiskrigg83,CPN827BIq,Russia
293,Candie,Ritter,critter84@geocities.com,critter84,4kgOwW10KjhT,Nepal
294,Dede,Heighton,dheighton85@ycombinator.com,dheighton85,qEvDkxQAa,Canada
295,Angelique,MacCleay,amaccleay86@vimeo.com,amaccleay86,NmXmae2c,Poland
296,Sauveur,Venn,svenn87@sohu.com,svenn87,TSxCEMkgAX,China
297,Kimbell,Etchingham,ketchingham88@boston.com,ketchingham88,AXIcHgNC,Vietnam
298,Linnet,Hughs,lhughs89@sciencedirect.com,lhughs89,PlJGXJ5BMEt,Cameroon
299,Hilde,Rallinshaw,hrallinshaw8a@dion.ne.jp,hrallinshaw8a,gMIxsHVH,China
300,Jeremie,Helleckas,jhelleckas8b@tinypic.com,jhelleckas8b,hnAiyN,United States
301,Berti,Wildber,bwildber8c@army.mil,bwildber8c,7AlStZEa4gsj,Lesotho
302,Bengt,Fidler,bfidler8d@friendfeed.com,bfidler8d,vPpD7nTmlmxt,China
303,Koenraad,Duigenan,kduigenan8e@phpbb.com,kduigenan8e,hUHiO4,Portugal
304,Kameko,L'Homme,klhomme8f@wikispaces.com,klhomme8f,PLJdw9,Tunisia
305,Philbert,McNaught,pmcnaught8g@hostgator.com,pmcnaught8g,00jN7yUnz5kB,Honduras
306,Teena,Blanc,tblanc8h@exblog.jp,tblanc8h,ipNvqguZ7,China
307,Ibrahim,Eaden,ieaden8i@zdnet.com,ieaden8i,rB121xD2UV,Poland
308,Claudius,Dickson,cdickson8j@psu.edu,cdickson8j,cvA2gYsv,Jordan
309,Brett,Sampson,bsampson8k@vistaprint.com,bsampson8k,jyw3Gt,Sweden
310,Rolland,McMorran,rmcmorran8l@xrea.com,rmcmorran8l,h6bL1JjPJoK,Russia
311,Genia,Toy,gtoy8m@europa.eu,gtoy8m,PkXKGlU,Angola
312,Trenna,Buie,tbuie8n@archive.org,tbuie8n,hKRjZ7B7SNu,Ireland
313,Joby,Noblet,jnoblet8o@csmonitor.com,jnoblet8o,fkgJwqqRS,Nigeria
314,Celene,Ghost,cghost8p@desdev.cn,cghost8p,MeTHkNlKHOf,Moldova
315,Opaline,Lorenc,olorenc8q@tiny.cc,olorenc8q,cbU5QRf,Vietnam
316,Larisa,Shurlock,lshurlock8r@pcworld.com,lshurlock8r,aK2kaD50BAjG,Indonesia
317,Trenton,Le Friec,tlefriec8s@soundcloud.com,tlefriec8s,xKXMo0eGKsD,Croatia
318,Wylie,Ascraft,wascraft8t@psu.edu,wascraft8t,8HIAqOUj6H,Canada
319,Remington,Dybell,rdybell8u@cnet.com,rdybell8u,iOoHgqBMGgL,Egypt
320,Koenraad,Kincaid,kkincaid8v@berkeley.edu,kkincaid8v,4eXjGqr3zVO,Russia
321,Ethelind,Kerrigan,ekerrigan8w@umn.edu,ekerrigan8w,LLmrGg,Poland
322,Tiphany,Farrans,tfarrans8x@aol.com,tfarrans8x,v85w0Vy,Argentina
323,Marisa,Lowerson,mlowerson8y@kickstarter.com,mlowerson8y,voaId1PQGKm,Brazil
324,Caryl,Sinnat,csinnat8z@eventbrite.com,csinnat8z,kNa5jUaWf9en,Philippines
325,Kendra,Balcers,kbalcers90@amazon.com,kbalcers90,ClE9TZfYU,China
326,Kile,Stoddart,kstoddart91@google.pl,kstoddart91,dgtMOrrB,Philippines
327,Friedrick,Lockney,flockney92@weather.com,flockney92,qmc6ZTI1Z3o,Poland
328,Ned,Tatton,ntatton93@myspace.com,ntatton93,W1XkP9VS4,Portugal
329,Annamaria,Berthomier,aberthomier94@yahoo.co.jp,aberthomier94,1uyfjmRal8LR,Czech Republic
330,Lina,Yarnell,lyarnell95@yelp.com,lyarnell95,dotEWsSIg,Bangladesh
331,Abraham,Ostler,aostler96@nih.gov,aostler96,or9XdHFR,Greece
332,Ruby,Drewell,rdrewell97@163.com,rdrewell97,xPobOi,Indonesia
333,Grover,Andrea,gandrea98@yellowpages.com,gandrea98,6qCvg4HDs2u,Haiti
334,Margaretha,Abrahamsen,mabrahamsen99@imgur.com,mabrahamsen99,g9pCag,Ukraine
335,Selina,Pinch,spinch9a@disqus.com,spinch9a,jnU50i,China
336,Barry,Bickerstaff,bbickerstaff9b@scribd.com,bbickerstaff9b,lMvUGWC,Ecuador
337,Celina,Rubens,crubens9c@nifty.com,crubens9c,07W9A8,Spain
338,Even,Borrows,eborrows9d@discovery.com,eborrows9d,I9fU2Ehnj,France
339,Arney,Dilks,adilks9e@theatlantic.com,adilks9e,IzRMmKLEX,Sierra Leone
340,Ivette,Phillott,iphillott9f@ca.gov,iphillott9f,Lc9IWed,Colombia
341,Cody,Rannie,crannie9g@blog.com,crannie9g,4hdb4DQ,Indonesia
342,Tomasina,Congdon,tcongdon9h@arstechnica.com,tcongdon9h,BpM2utNPzJ,Lesotho
343,Margareta,Barrie,mbarrie9i@sbwire.com,mbarrie9i,6951FWw2LF,Peru
344,Marvin,Weagener,mweagener9j@nifty.com,mweagener9j,2ZfQs7lPIG,Portugal
345,Randal,Mullord,rmullord9k@histats.com,rmullord9k,0tSv4q0nit,Russia
346,Foss,Whitely,fwhitely9l@friendfeed.com,fwhitely9l,mGe07FL,Indonesia
347,Hasty,Letixier,hletixier9m@usda.gov,hletixier9m,QjgZTw7F,Portugal
348,Derry,Gwinn,dgwinn9n@gnu.org,dgwinn9n,yO5cn9odaf8V,Vietnam
349,Vidovik,Redsall,vredsall9o@devhub.com,vredsall9o,lKSfQUes,Brazil
350,Elyn,Redan,eredan9p@usatoday.com,eredan9p,gQXMZ0Jg2K46,China
351,Claribel,Hyam,chyam9q@newsvine.com,chyam9q,6GvO4p,Mexico
352,Tades,Jarmyn,tjarmyn9r@ucoz.com,tjarmyn9r,jmcP8D,Mexico
353,Lou,McAw,lmcaw9s@loc.gov,lmcaw9s,pZXdMv0EYtex,China
354,Chloe,Lipmann,clipmann9t@tamu.edu,clipmann9t,oKo5I2ibYQ,New Zealand
355,Valerye,Currom,vcurrom9u@reverbnation.com,vcurrom9u,yVFHH3PhmJ,France
356,Lana,Bartholomew,lbartholomew9v@ucla.edu,lbartholomew9v,gIOcsPqMSu,Brazil
357,Antons,Fielding,afielding9w@mysql.com,afielding9w,5BtcVFA5BI,Venezuela
358,Alysa,Bovaird,abovaird9x@smh.com.au,abovaird9x,YKKuK8,Indonesia
359,Tremain,Glacken,tglacken9y@sciencedaily.com,tglacken9y,xzt7QtKDgEd,China
360,Estevan,Starten,estarten9z@mapy.cz,estarten9z,TjO1glLqFb,Serbia
361,Andrei,Benka,abenkaa0@wiley.com,abenkaa0,JVGZvP,Venezuela
362,Hettie,Guyot,hguyota1@acquirethisname.com,hguyota1,G4LiJox,Slovenia
363,Hastie,Kinrade,hkinradea2@elegantthemes.com,hkinradea2,CGCuHkQ6U7KN,Philippines
364,Che,Noonan,cnoonana3@cpanel.net,cnoonana3,VdnXOUR,Indonesia
365,Clem,Macauley,cmacauleya4@uol.com.br,cmacauleya4,NvucI8xesR,France
366,Padriac,Maginot,pmaginota5@springer.com,pmaginota5,QBCLl342Em2V,Poland
367,Flss,Sammars,fsammarsa6@gizmodo.com,fsammarsa6,ueELWT1,Russia
368,Jemmy,Veall,jvealla7@typepad.com,jvealla7,K1N57fFe5uw,China
369,Alaric,Blackburn,ablackburna8@blogtalkradio.com,ablackburna8,F0WuOmw,China
370,Eddy,Lorraine,elorrainea9@51.la,elorrainea9,3P9JvEL,Vietnam
371,Perrine,Ommanney,pommanneyaa@psu.edu,pommanneyaa,crlqig,Russia
372,Georgy,Gipp,ggippab@pcworld.com,ggippab,SvMtJhelmf,El Salvador
373,Blinny,Colquitt,bcolquittac@prweb.com,bcolquittac,MivJVp,Mongolia
374,Jo,Bundock,jbundockad@icio.us,jbundockad,3gmoBQCfHMe,China
375,Aila,Phayre,aphayreae@usnews.com,aphayreae,uvrCQpboFE,China
376,Orazio,Batstone,obatstoneaf@howstuffworks.com,obatstoneaf,zLbLCP76,Finland
377,Dari,Lidstone,dlidstoneag@rediff.com,dlidstoneag,236BnJ,Sweden
378,Kylie,Casey,kcaseyah@vkontakte.ru,kcaseyah,K9TxNg7O,France
379,Eldin,Maddocks,emaddocksai@youtube.com,emaddocksai,g13Xry4JNgnL,Andorra
380,Herculie,Leonardi,hleonardiaj@nymag.com,hleonardiaj,Qeotv9,Nigeria
381,Gregoor,Bricklebank,gbricklebankak@smugmug.com,gbricklebankak,DLkuYUL,Canada
382,Lindy,Castleton,lcastletonal@ed.gov,lcastletonal,fFZftCYCK1,Yemen
383,Selia,Yoseloff,syoseloffam@smh.com.au,syoseloffam,zxC0R2Mel,China
384,Shirl,Armsby,sarmsbyan@zdnet.com,sarmsbyan,qwIj9Vv55,Philippines
385,Abba,Prudham,aprudhamao@unblog.fr,aprudhamao,CzrivIr3YKc,United States
386,Laney,Bracknall,lbracknallap@mozilla.com,lbracknallap,rE4TJhL4,Philippines
387,Leoine,Duiged,lduigedaq@nps.gov,lduigedaq,MGYg1AwBoT,Indonesia
388,Tabby,Noto,tnotoar@aboutads.info,tnotoar,SYah1xo,Armenia
389,Cyndie,Noakes,cnoakesas@bing.com,cnoakesas,3RqZSZyNF1C,China
390,Sully,Crass,scrassat@irs.gov,scrassat,rO1bNHLgIMl,Russia
391,Othello,Saunper,osaunperau@unesco.org,osaunperau,SDO3JrZ1EK,China
392,Frazier,Burburough,fburburoughav@moonfruit.com,fburburoughav,9xfTzdAWHn8,Canada
393,Eolande,MacQuaker,emacquakeraw@cnet.com,emacquakeraw,hNkDy646b6eL,Sweden
394,Bianka,Heliar,bheliarax@macromedia.com,bheliarax,sFkLIYhFEuB2,Philippines
395,Sigismondo,Doorey,sdooreyay@zimbio.com,sdooreyay,pdNPnp4,Paraguay
396,Ann-marie,Eliasen,aeliasenaz@home.pl,aeliasenaz,0PqPKYA6vix,United States
397,Jeremias,Peffer,jpefferb0@arizona.edu,jpefferb0,rKghLt,South Africa
398,Dreddy,Wilce,dwilceb1@taobao.com,dwilceb1,KLSg0TQN7oWX,Philippines
399,Tandi,Wedgwood,twedgwoodb2@pcworld.com,twedgwoodb2,zgWbiC,France
400,Paulie,Pote,ppoteb3@themeforest.net,ppoteb3,Lat845t9j,France
401,Regine,Lapere,rlapereb4@icq.com,rlapereb4,Bo6sJ5P,China
402,Reynold,McGuinley,rmcguinleyb5@imgur.com,rmcguinleyb5,u3OkHs,Greece
403,Olympia,Perkins,operkinsb6@sciencedirect.com,operkinsb6,Y1QEG5D,Philippines
404,Pavel,Bentson,pbentsonb7@deliciousdays.com,pbentsonb7,lQb7czM,Indonesia
405,Harriet,Shalcros,hshalcrosb8@over-blog.com,hshalcrosb8,AXon3nF4,Portugal
406,Huntlee,Crate,hcrateb9@japanpost.jp,hcrateb9,S6oo4taiLDz,Yemen
407,Janaya,Vynarde,jvynardeba@apache.org,jvynardeba,yWKzdyW,United States
408,Cherri,Dikelin,cdikelinbb@bloglovin.com,cdikelinbb,qrUDq7drgP,Brazil
409,Mireille,Tarbett,mtarbettbc@instagram.com,mtarbettbc,9Bn3wfc9,Czech Republic
410,Launce,Matskiv,lmatskivbd@sfgate.com,lmatskivbd,wuq9vnWpwgML,Malaysia
411,Otha,Dillinton,odillintonbe@paypal.com,odillintonbe,jKSgx7y,China
412,Keir,Dickins,kdickinsbf@wix.com,kdickinsbf,M8e0k6aD,Russia
413,Maxine,Killingsworth,mkillingsworthbg@apple.com,mkillingsworthbg,wIIxGuACUA,Ukraine
414,Oralie,Van Zon,ovanzonbh@answers.com,ovanzonbh,Z7k0TG,Sweden
415,Xaviera,Skehan,xskehanbi@weibo.com,xskehanbi,pOzniFDYIf,Syria
416,Jerald,Rivel,jrivelbj@phoca.cz,jrivelbj,ujl7wjs,China
417,Regine,Tollet,rtolletbk@auda.org.au,rtolletbk,5onjVuQxtOi,Indonesia
418,Kitty,Bartunek,kbartunekbl@seattletimes.com,kbartunekbl,WVs7uI4j,China
419,Cornelle,Sollitt,csollittbm@amazon.co.jp,csollittbm,4CDwFI3,Philippines
420,Vina,Lafflina,vlafflinabn@fda.gov,vlafflinabn,0GqozisZ,Tajikistan
421,Calypso,Piperley,cpiperleybo@webs.com,cpiperleybo,V4qgz46ka1v,Argentina
422,Brennan,McCrie,bmccriebp@sphinn.com,bmccriebp,rIuKSosrBzU,Croatia
423,Marigold,Bradick,mbradickbq@gmpg.org,mbradickbq,LfkGb2ACG,China
424,Mala,Dmtrovic,mdmtrovicbr@edublogs.org,mdmtrovicbr,oymcbx,China
425,Gil,Sumner,gsumnerbs@stanford.edu,gsumnerbs,7IoQvmgQrvO8,Indonesia
426,Idelle,Sodory,isodorybt@timesonline.co.uk,isodorybt,pXTs9MSdihRM,China
427,Fidel,Fogden,ffogdenbu@si.edu,ffogdenbu,ZRDvcO,Poland
428,Morry,Kilgallen,mkilgallenbv@nsw.gov.au,mkilgallenbv,SDhdfNVwy,China
429,Conrado,Dumbarton,cdumbartonbw@google.com.br,cdumbartonbw,rNw4Y9L1i,Indonesia
430,Bambie,Lawrance,blawrancebx@fastcompany.com,blawrancebx,CzZ6cGK7F2F,Philippines
431,Eric,Waite,ewaiteby@deliciousdays.com,ewaiteby,KeOlq8Mub,United States
432,Melli,Semechik,msemechikbz@constantcontact.com,msemechikbz,0Yviq6H6OF,China
433,Yulma,Thwaites,ythwaitesc0@home.pl,ythwaitesc0,eBhkmbt0,Czech Republic
434,Osmond,Row,orowc1@ucoz.ru,orowc1,N51vDHpDZU,China
435,Dulci,Galbreth,dgalbrethc2@topsy.com,dgalbrethc2,tuWTourg,China
436,Antoinette,Van Dale,avandalec3@usgs.gov,avandalec3,q2cpXgfYt,China
437,Adriaens,Giovanizio,agiovanizioc4@cafepress.com,agiovanizioc4,2e2bf4iAECtJ,Thailand
438,Reginauld,Gounet,rgounetc5@ycombinator.com,rgounetc5,9bcf5wxsf1w,Poland
439,Paule,Ciobotaru,pciobotaruc6@moonfruit.com,pciobotaruc6,1sogOH,Poland
440,Steffane,Martonfi,smartonfic7@bloglovin.com,smartonfic7,iKFZ9U146fN8,Portugal
441,Fanni,Mattusov,fmattusovc8@webs.com,fmattusovc8,keAqQzUR,Philippines
442,Alric,Caitlin,acaitlinc9@hc360.com,acaitlinc9,PcMOZRGR6,Greece
443,Desmund,Nourse,dnourseca@51.la,dnourseca,eGHAUgcC2L6,China
444,Vallie,Narey,vnareycb@sbwire.com,vnareycb,A6YtNWOIoX1,China
445,Leonerd,Sargent,lsargentcc@domainmarket.com,lsargentcc,BSIX0Tu3xw3,Portugal
446,Kellen,Glancey,kglanceycd@a8.net,kglanceycd,FcQym05Ydf0,Bolivia
447,Tabby,Darbey,tdarbeyce@livejournal.com,tdarbeyce,p6n3Qy,China
448,Marshall,Crowcum,mcrowcumcf@wordpress.com,mcrowcumcf,C1HvJmw6f,Greece
449,Lynnea,Chrishop,lchrishopcg@smh.com.au,lchrishopcg,481Ad7,Slovenia
450,Candida,Yaus,cyausch@wp.com,cyausch,6qobLc,Peru
451,Eduard,Hocking,ehockingci@google.ru,ehockingci,Ng7JhI0C,Ukraine
452,Gradeigh,Littlewood,glittlewoodcj@discovery.com,glittlewoodcj,8mKHnazuQrm,Portugal
453,Rivalee,Tenniswood,rtenniswoodck@fda.gov,rtenniswoodck,fBcjdO,China
454,Deerdre,Ferie,dferiecl@sciencedirect.com,dferiecl,eCiqbtrWNNF,France
455,Lindsey,Cockrem,lcockremcm@dyndns.org,lcockremcm,uUafuij9X6,Cuba
456,Janela,Sommerly,jsommerlycn@rediff.com,jsommerlycn,GOzimj5xt,Panama
457,Livvyy,Weinberg,lweinbergco@princeton.edu,lweinbergco,Ry5pzU,China
458,Randolph,Whitehouse,rwhitehousecp@mac.com,rwhitehousecp,hUuKFbeHqFr5,Indonesia
459,Reuben,Hurton,rhurtoncq@dyndns.org,rhurtoncq,LUDthEP,Indonesia
460,Olivero,Pepi,opepicr@cam.ac.uk,opepicr,83FLh5PDCt0,Malta
461,Faunie,Banasik,fbanasikcs@bandcamp.com,fbanasikcs,GiIyHzBHDMI,Czech Republic
462,Genevra,Chalfont,gchalfontct@salon.com,gchalfontct,m5BJmqv13w,China
463,Chicky,Maulkin,cmaulkincu@amazon.co.uk,cmaulkincu,GfEN55,Indonesia
464,Kenton,Ivanikhin,kivanikhincv@furl.net,kivanikhincv,xo5Wnj,Indonesia
465,Jocelyne,Bangiard,jbangiardcw@pcworld.com,jbangiardcw,as9lSv8iFJej,France
466,Horten,Yglesia,hyglesiacx@washingtonpost.com,hyglesiacx,en2jYWL,France
467,Wendell,MacCurlye,wmaccurlyecy@creativecommons.org,wmaccurlyecy,Lw6RwN,Greece
468,Emylee,Scotchmor,escotchmorcz@quantcast.com,escotchmorcz,RrGjbZi8HOJG,China
469,Ruddie,Silman,rsilmand0@google.de,rsilmand0,XtXzF7,Indonesia
470,Fayre,Burgne,fburgned1@epa.gov,fburgned1,QdA95G,China
471,Mechelle,Swindlehurst,mswindlehurstd2@arizona.edu,mswindlehurstd2,530eIm,Indonesia
472,Shela,Riby,sribyd3@i2i.jp,sribyd3,CWK5D7Jtx,Mexico
473,Maxine,Beckinsale,mbeckinsaled4@friendfeed.com,mbeckinsaled4,gMdcvdK,Brazil
474,Leoine,Spieght,lspieghtd5@google.co.uk,lspieghtd5,puPIq3WrCXTY,Philippines
475,Eugene,Manion,emaniond6@posterous.com,emaniond6,L4C9JwsoDp37,Germany
476,Jessi,Hastin,jhastind7@51.la,jhastind7,nKbfcmd,Indonesia
477,Wenonah,Bewsey,wbewseyd8@yale.edu,wbewseyd8,GfLIQSKv,Pakistan
478,Durward,Tassel,dtasseld9@sina.com.cn,dtasseld9,bF016a,China
479,Rusty,Sharer,rsharerda@indiegogo.com,rsharerda,J2vci1EqGf,Thailand
480,Carlynne,Amaya,camayadb@jalbum.net,camayadb,HyMH23R,Russia
481,Sarita,Donlon,sdonlondc@bizjournals.com,sdonlondc,zfinBTOCE,Kosovo
482,Annamarie,Greensmith,agreensmithdd@alexa.com,agreensmithdd,ndorup,China
483,Cob,Meaton,cmeatonde@fda.gov,cmeatonde,5DuMHYCn,Peru
484,Jerry,Aim,jaimdf@goo.ne.jp,jaimdf,B82fU8UL,China
485,Sal,Vannuchi,svannuchidg@ca.gov,svannuchidg,1ZqI4WrzAW,China
486,Radcliffe,Groll,rgrolldh@histats.com,rgrolldh,E9lYps,Czech Republic
487,Anissa,Kinavan,akinavandi@cargocollective.com,akinavandi,svD26nMD4v,Colombia
488,Ranique,Wase,rwasedj@wikia.com,rwasedj,YUStGtjFUTVe,Morocco
489,Carlen,Cheater,ccheaterdk@weibo.com,ccheaterdk,60aFPb17wGt,Colombia
490,Marita,Peiser,mpeiserdl@statcounter.com,mpeiserdl,5vkeMVVgsLQ,Portugal
491,Meridel,MacMeeking,mmacmeekingdm@baidu.com,mmacmeekingdm,laFuDjHL46iw,Australia
492,Ahmad,Rawood,arawooddn@wikimedia.org,arawooddn,rssKFDbG,Canada
493,Willdon,Wasylkiewicz,wwasylkiewiczdo@accuweather.com,wwasylkiewiczdo,QTqvYgF,Slovenia
494,Maressa,Rout,mroutdp@twitpic.com,mroutdp,oVztfL7x,Croatia
495,Pren,Lambswood,plambswooddq@vinaora.com,plambswooddq,pNt80eztF,Russia
496,Prudy,Levins,plevinsdr@bbc.co.uk,plevinsdr,SmbKPH5QbgI,Poland
497,Thomas,Cheeld,tcheeldds@gov.uk,tcheeldds,MInYuktSRphA,Central African Republic
498,Sharlene,Klaassens,sklaassensdt@cnet.com,sklaassensdt,lSVsdCl,Philippines
499,Ed,Siely,esielydu@51.la,esielydu,0xuQwKk2,Colombia
500,Giulietta,Prier,gprierdv@netscape.com,gprierdv,m6Zmug0I3PX,Indonesia
501,Muhammad,Cars,mcarsdw@fda.gov,mcarsdw,fOI7d0,Philippines
502,Alyce,Koppes,akoppesdx@salon.com,akoppesdx,hRBTOrwZ,Philippines
503,Danya,Gaines,dgainesdy@cargocollective.com,dgainesdy,8RFWJjS5ics,Russia
504,Emiline,Selway,eselwaydz@scientificamerican.com,eselwaydz,oubTFahQYxK7,Mexico
505,Alma,Piet,apiete0@jimdo.com,apiete0,U0nPTvZv,Indonesia
506,Micheline,Kingcote,mkingcotee1@pcworld.com,mkingcotee1,wMZN2zxExk,China
507,Geordie,Crips,gcripse2@pcworld.com,gcripse2,j2A5sQ3Yd,South Africa
508,Tony,Rossoni,trossonie3@sciencedirect.com,trossonie3,wcWUf41JjT,Russia
509,Orbadiah,Oxford,ooxforde4@jugem.jp,ooxforde4,ooM6RLL2wp2,Indonesia
510,Dina,Carvell,dcarvelle5@uiuc.edu,dcarvelle5,ZZTaJQ,Moldova
511,Abrahan,Gammel,agammele6@github.io,agammele6,TlGajZ,Poland
512,Nicol,Crunkhurn,ncrunkhurne7@thetimes.co.uk,ncrunkhurne7,AWYr2f6W,Madagascar
513,Aaren,Shelford,ashelforde8@zimbio.com,ashelforde8,nRvGCkIgB,Kazakhstan
514,Dyanne,Klimontovich,dklimontoviche9@1688.com,dklimontoviche9,Nwd5etQPG,Peru
515,Mallory,Chatelet,mchateletea@github.io,mchateletea,Znd5aQX,Serbia
516,Kimberlyn,Dansey,kdanseyeb@bing.com,kdanseyeb,FaB4sV4pm,Philippines
517,Celestina,Butrimovich,cbutrimovichec@vistaprint.com,cbutrimovichec,qRPI6sPyE03R,Ukraine
518,Stewart,Nissle,snissleed@mac.com,snissleed,mWI0cV,Greenland
519,Lindy,Peres,lperesee@mapquest.com,lperesee,Ko5y3LLetW,Bolivia
520,Batholomew,Streets,bstreetsef@wikispaces.com,bstreetsef,fSikrV,France
521,Ariel,Meddemmen,ameddemmeneg@icq.com,ameddemmeneg,7gr5AfJ6R,China
522,Abby,Dowding,adowdingeh@jigsy.com,adowdingeh,XPaTb2Sm,China
523,Alexandra,Barthrop,abarthropei@oracle.com,abarthropei,VYzmCM,Portugal
524,Colver,Fredi,cfrediej@barnesandnoble.com,cfrediej,4M3SmzYiG,South Korea
525,Mart,Draisey,mdraiseyek@nih.gov,mdraiseyek,EQJft0g,China
526,Farrand,Humphrey,fhumphreyel@trellian.com,fhumphreyel,9BUtEFtm8,Mexico
527,Gabbie,Simmon,gsimmonem@vistaprint.com,gsimmonem,Vr22Eu,Thailand
528,Eolanda,McFeate,emcfeateen@networksolutions.com,emcfeateen,qLZs5K9KK,Indonesia
529,Ewen,Crips,ecripseo@netscape.com,ecripseo,qlE6ei2VmIt,Indonesia
530,Madonna,Blanchette,mblanchetteep@nature.com,mblanchetteep,44iBBbH,Indonesia
531,Drusy,Bush,dbusheq@dmoz.org,dbusheq,Bt6IvFoHfQD1,China
532,Ede,Viant,evianter@forbes.com,evianter,kTupfd,Venezuela
533,Roanne,Howkins,rhowkinses@pbs.org,rhowkinses,cP8Oz6CwI6,Albania
534,Marve,Kenwyn,mkenwynet@utexas.edu,mkenwynet,AjGZBKHe2R,Ireland
535,Roxi,Celez,rcelezeu@sciencedaily.com,rcelezeu,XVxMuMG6,Philippines
536,Sylas,Couzens,scouzensev@ovh.net,scouzensev,HK2NcjH6d,China
537,Kimberlee,Pursglove,kpursgloveew@un.org,kpursgloveew,PjYC4OI,Indonesia
538,Jehanna,Yakob,jyakobex@cbsnews.com,jyakobex,EMLIvO1,Thailand
539,Jens,Meneer,jmeneerey@eepurl.com,jmeneerey,Togl7CM9OY,Jordan
540,Kaylee,Graysmark,kgraysmarkez@sbwire.com,kgraysmarkez,xX087wRBjnu2,East Timor
541,Jillane,Dewis,jdewisf0@naver.com,jdewisf0,j8kDNl4R1w,Morocco
542,Brand,Perello,bperellof1@reference.com,bperellof1,ICWWr7,Philippines
543,Em,Drought,edroughtf2@csmonitor.com,edroughtf2,7rYrOE5u,Brazil
544,Jocelin,Creaney,jcreaneyf3@nydailynews.com,jcreaneyf3,Gd2YNzVG,Colombia
545,Lottie,Sauter,lsauterf4@nymag.com,lsauterf4,IRfnLfF0,Lithuania
546,Cookie,Alvy,calvyf5@friendfeed.com,calvyf5,MdHerM,Spain
547,Dannie,Fittes,dfittesf6@opera.com,dfittesf6,IwflBpydc5i,Sweden
548,Kimmie,Bampforth,kbampforthf7@privacy.gov.au,kbampforthf7,AU0Opy,China
549,Demetri,Shugg,dshuggf8@google.co.jp,dshuggf8,gk0AyG4v8ZZI,Indonesia
550,Genia,Capaldo,gcapaldof9@nasa.gov,gcapaldof9,Ma6Bb4OE5gE,Argentina
551,Willis,Currin,wcurrinfa@cargocollective.com,wcurrinfa,pyIgYrFlxv6,Ecuador
552,Antonin,Stokoe,astokoefb@drupal.org,astokoefb,Pop5UmpjTen,Indonesia
553,Saul,Ojeda,sojedafc@bloglines.com,sojedafc,F1zN32Ur,Jordan
554,Brittni,Sallowaye,bsallowayefd@scientificamerican.com,bsallowayefd,RBpTQtc3Ty,Russia
555,Lee,Kubacek,lkubacekfe@princeton.edu,lkubacekfe,Am8IcNr9,Czech Republic
556,Corinna,Charrisson,ccharrissonff@etsy.com,ccharrissonff,mq82t0ZRKZp,Guatemala
557,Shelagh,Hellsdon,shellsdonfg@nih.gov,shellsdonfg,bR4yDtNm,China
558,Nola,Vanyushkin,nvanyushkinfh@vistaprint.com,nvanyushkinfh,WgRJxeCq,Thailand
559,Fanni,Agott,fagottfi@samsung.com,fagottfi,Bww8CcBbdZc,China
560,Wells,Brann,wbrannfj@51.la,wbrannfj,iHmNslaQ05c,Belarus
561,Deny,Odde,doddefk@wikia.com,doddefk,YeQlSt1,Indonesia
562,Meredeth,Dickin,mdickinfl@apple.com,mdickinfl,aXOsWh,Canada
563,Kata,Bagnall,kbagnallfm@jimdo.com,kbagnallfm,mq7JrTvuj3w9,Indonesia
564,Milo,Cornew,mcornewfn@microsoft.com,mcornewfn,CfLVTb,France
565,Carol,Crocetti,ccrocettifo@weibo.com,ccrocettifo,yuqtze,Italy
566,Jobie,Muriel,jmurielfp@sogou.com,jmurielfp,Pzgn2JpEQktQ,China
567,Lydie,Sheekey,lsheekeyfq@businesswire.com,lsheekeyfq,qAc4ai,Australia
568,Ardeen,Greenwood,agreenwoodfr@ca.gov,agreenwoodfr,aWkVttV1Z,Ukraine
569,Doroteya,Placidi,dplacidifs@moonfruit.com,dplacidifs,X5J5E93ZRz1,Indonesia
570,Ginny,McColm,gmccolmft@wordpress.com,gmccolmft,UmlDdWF,Vietnam
571,Gardy,Buddles,gbuddlesfu@google.it,gbuddlesfu,aXeyfq4eV9,Brazil
572,Kylila,Devon,kdevonfv@cnbc.com,kdevonfv,s9FFWG4arab2,Taiwan
573,Alys,Ferneyhough,aferneyhoughfw@cocolog-nifty.com,aferneyhoughfw,xWX0wQT3O2,Mexico
574,Clerkclaude,Loutheane,cloutheanefx@webmd.com,cloutheanefx,QetxXOju,China
575,Bertha,Yesinin,byesininfy@psu.edu,byesininfy,J6ASQNcXlYq,Sweden
576,Huberto,Joanic,hjoanicfz@merriam-webster.com,hjoanicfz,GGr8837p6k,China
577,Simon,Manns,smannsg0@microsoft.com,smannsg0,2Jj6oZxtuU,Mauritius
578,Benson,Wicks,bwicksg1@posterous.com,bwicksg1,GsKGrBpueT,China
579,Clo,Krolman,ckrolmang2@fc2.com,ckrolmang2,By6m4LUo,Germany
580,Gerta,Heakey,gheakeyg3@craigslist.org,gheakeyg3,0aTfOR1dJD,Kazakhstan
581,Vern,Hows,vhowsg4@woothemes.com,vhowsg4,FUZkHLI,China
582,Blair,Lillicrap,blillicrapg5@redcross.org,blillicrapg5,gh0OEg9,Mexico
583,Alli,Toping,atopingg6@auda.org.au,atopingg6,OPDg8c168fmw,Russia
584,Neddie,Vegas,nvegasg7@chicagotribune.com,nvegasg7,Oetn2WOd,China
585,Demetri,Crabbe,dcrabbeg8@exblog.jp,dcrabbeg8,MRbEsY1n,France
586,Ferdinanda,Hassall,fhassallg9@symantec.com,fhassallg9,X0ljWpTNEnSr,China
587,Domenic,Ewan,dewanga@sakura.ne.jp,dewanga,GTgMEyj,Thailand
588,Nicolais,Chagg,nchagggb@bigcartel.com,nchagggb,IE1SrYXdZ0zs,Malaysia
589,Ruby,Fibbens,rfibbensgc@intel.com,rfibbensgc,8n49s8f73i,Indonesia
590,Juanita,Beadman,jbeadmangd@symantec.com,jbeadmangd,h4x8BLpm72,Japan
591,Adriano,Wardlow,awardlowge@bloglines.com,awardlowge,Yc7Z8U,Brazil
592,Simeon,Node,snodegf@nsw.gov.au,snodegf,H9G4c9CYDyt,Portugal
593,Neely,Keoghan,nkeoghangg@ted.com,nkeoghangg,CAiNgMcT,Portugal
594,Lilly,Templar,ltemplargh@mysql.com,ltemplargh,fftRXpSx,Mexico
595,Shanna,Rhelton,srheltongi@chronoengine.com,srheltongi,EWMyDqP,China
596,Betteanne,Coole,bcoolegj@omniture.com,bcoolegj,MuI87gw,Cuba
597,Klement,Libby,klibbygk@imageshack.us,klibbygk,J1ZZEdbwoedD,Sri Lanka
598,Kari,Aslin,kaslingl@bizjournals.com,kaslingl,FhI6rJdU,Honduras
599,Anya,Cowderoy,acowderoygm@deliciousdays.com,acowderoygm,Xofjhn0C,France
600,Rosalind,Milne,rmilnegn@opera.com,rmilnegn,DP0PGEhlAR,Egypt
601,Dalia,Prujean,dprujeango@berkeley.edu,dprujeango,ztqi6PTRO,Russia
602,Jacynth,Ransbury,jransburygp@creativecommons.org,jransburygp,mcFegI3aXGN,Russia
603,Chiarra,Laxe,claxegq@wisc.edu,claxegq,4qEYoGRUN3,Georgia
604,Glennis,Gascard,ggascardgr@mapy.cz,ggascardgr,4f1sAhk,Philippines
605,Etti,Brilleman,ebrillemangs@gnu.org,ebrillemangs,Vbx2jUlKT3,Venezuela
606,Fransisco,Chalkly,fchalklygt@virginia.edu,fchalklygt,jE7CZR,Indonesia
607,Herold,Bloor,hbloorgu@disqus.com,hbloorgu,RcuWQn2HiZ,France
608,Laureen,Bondley,lbondleygv@upenn.edu,lbondleygv,cQAKDkliKOg,New Caledonia
609,Wynnie,Grevel,wgrevelgw@oakley.com,wgrevelgw,WvswSHI,Philippines
610,Arron,Newcomen,anewcomengx@prlog.org,anewcomengx,SbZRvebPClz,Sweden
611,Darius,Mincher,dminchergy@jugem.jp,dminchergy,j1wvQhw,Ukraine
612,Josephine,Rose,jrosegz@furl.net,jrosegz,cqySGpD7uRY,Indonesia
613,Bertie,Forker,bforkerh0@sphinn.com,bforkerh0,pzIpo0tr,Honduras
614,Julianne,Dominguez,jdominguezh1@omniture.com,jdominguezh1,JtgUqjw,Russia
615,Ninette,Crosher,ncrosherh2@qq.com,ncrosherh2,3mNj01mdsu,Philippines
616,Elmore,Clausen-Thue,eclausenthueh3@ask.com,eclausenthueh3,pbcVEd8nXio2,Philippines
617,Bondie,Bulford,bbulfordh4@youku.com,bbulfordh4,heElmsNV,France
618,Anne,Ordelt,aordelth5@google.it,aordelth5,ax0HRYh,Brazil
619,Bobbee,Babbs,bbabbsh6@wsj.com,bbabbsh6,K4ne5Ee9j9,Poland
620,Amabelle,Lehmann,alehmannh7@accuweather.com,alehmannh7,ATeRTo3yT,China
621,Clara,McMullen,cmcmullenh8@cnn.com,cmcmullenh8,w8nFNWR9SeCy,Netherlands
622,Kelsey,Volette,kvoletteh9@irs.gov,kvoletteh9,a7HLbprGrrq4,Peru
623,Salim,Tomasello,stomaselloha@indiatimes.com,stomaselloha,NttEP76j8R5B,China
624,Jaclin,Chettoe,jchettoehb@oracle.com,jchettoehb,EByyBJb70,Greece
625,Karin,Fibbens,kfibbenshc@xrea.com,kfibbenshc,1MIyrb6x,Sweden
626,Munroe,Holgan,mholganhd@amazonaws.com,mholganhd,8yX8mevgta,Greece
627,Letitia,Gaspard,lgaspardhe@wufoo.com,lgaspardhe,vcD8m3RuHgkN,Portugal
628,Lulu,Collis,lcollishf@illinois.edu,lcollishf,nbRAKeNa2,Indonesia
629,Reeta,Marsh,rmarshhg@altervista.org,rmarshhg,y6ux5vKmRC,China
630,Edan,Claesens,eclaesenshh@nhs.uk,eclaesenshh,Qf9T2O,Indonesia
631,Tiffy,Vondrys,tvondryshi@go.com,tvondryshi,BvFzakK2v,Russia
632,Micheal,Pulham,mpulhamhj@ft.com,mpulhamhj,WpbWrZvaYE,North Korea
633,Rasla,Tuminelli,rtuminellihk@tmall.com,rtuminellihk,5QtirE,Portugal
634,Natalie,Doring,ndoringhl@google.es,ndoringhl,Hn2jCM7Nw,Indonesia
635,Bethany,Issacson,bissacsonhm@geocities.jp,bissacsonhm,k96NLfQg,Albania
636,Joni,Boater,jboaterhn@is.gd,jboaterhn,Svwc35sdv,Indonesia
637,Sonnnie,Leuchars,sleucharsho@google.pl,sleucharsho,JH7BYg,Brazil
638,Christophorus,Draye,cdrayehp@constantcontact.com,cdrayehp,j7MpdT,Burkina Faso
639,Alisha,Dring,adringhq@narod.ru,adringhq,WImtXpH2VGI,Indonesia
640,Kipp,Umpleby,kumplebyhr@eventbrite.com,kumplebyhr,we3kSo6,Brazil
641,Ardra,Pennells,apennellshs@sciencedirect.com,apennellshs,LBnCU7yxGPl,Yemen
642,Demott,Caney,dcaneyht@usda.gov,dcaneyht,3ZoEUosjR,Indonesia
643,Carmen,Lembrick,clembrickhu@aol.com,clembrickhu,9n1KkejJ,Indonesia
644,Fiorenze,Tante,ftantehv@dailymail.co.uk,ftantehv,wfHKNNpE,China
645,Katrinka,Marsy,kmarsyhw@360.cn,kmarsyhw,3UEiAwjgST1W,Portugal
646,Rriocard,Rizzotto,rrizzottohx@imageshack.us,rrizzottohx,BJBZZGdvM0k,Ukraine
647,Jenifer,Van Rembrandt,jvanrembrandthy@feedburner.com,jvanrembrandthy,8MrdED,Indonesia
648,Juliane,Berceros,jberceroshz@hostgator.com,jberceroshz,vxu1PWVV5P3x,Kosovo
649,Basilius,Mineghelli,bmineghellii0@salon.com,bmineghellii0,v9o7Ih,Malaysia
650,Giordano,Andrews,gandrewsi1@eepurl.com,gandrewsi1,CvGCFvOvi7,China
651,Madelin,Dobrovolski,mdobrovolskii2@studiopress.com,mdobrovolskii2,IXpq7xlpz,China
652,Tannie,Le Provost,tleprovosti3@abc.net.au,tleprovosti3,3uvIPrn,Indonesia
653,Sheelagh,Fairbank,sfairbanki4@csmonitor.com,sfairbanki4,B55Py2o9FFL,Poland
654,Che,Attoc,cattoci5@mapy.cz,cattoci5,XuPa8rh7Stna,Peru
655,Janina,Denis,jdenisi6@360.cn,jdenisi6,G2sDnI,Dominican Republic
656,Leonardo,Stace,lstacei7@printfriendly.com,lstacei7,HiysAaCqgVzF,Philippines
657,Montague,Possel,mposseli8@si.edu,mposseli8,rDnAN7ICUMk3,Venezuela
658,Nickolaus,Shapera,nshaperai9@ow.ly,nshaperai9,Ws6wfvLu,Vietnam
659,Joletta,Berthelmot,jberthelmotia@mit.edu,jberthelmotia,4OleqxIcK2,Cuba
660,Hyacinth,Bolger,hbolgerib@booking.com,hbolgerib,0fepFY19EI,Honduras
661,Moshe,McMarquis,mmcmarquisic@google.de,mmcmarquisic,NRkbuKv,China
662,Dulci,Madigan,dmadiganid@multiply.com,dmadiganid,y6rxAhV,Yemen
663,Pedro,Ivons,pivonsie@booking.com,pivonsie,getWpd8c0,Thailand
664,Frans,Leggatt,fleggattif@shop-pro.jp,fleggattif,DTn28yG,Indonesia
665,Danyelle,Gillis,dgillisig@sourceforge.net,dgillisig,DRlAATZR,Indonesia
666,Flinn,Pinke,fpinkeih@nih.gov,fpinkeih,yLz4sg2,China
667,Debi,Fadell,dfadellii@irs.gov,dfadellii,WG8ewS4,Japan
668,Errick,Glasbey,eglasbeyij@163.com,eglasbeyij,FonSTqo2,Guatemala
669,Abba,Dietzler,adietzlerik@deviantart.com,adietzlerik,5ii10hKHkSPz,Eritrea
670,Patrizius,Giannassi,pgiannassiil@mapy.cz,pgiannassiil,k7eT3Xl,Bulgaria
671,Joice,Dies,jdiesim@gov.uk,jdiesim,D2iYUz1j,Iran
672,Ave,Undy,aundyin@boston.com,aundyin,VYKDuZAb,United States
673,Neala,Ofield,nofieldio@springer.com,nofieldio,bvOycxcXj,Armenia
674,Jereme,Danson,jdansonip@amazon.co.jp,jdansonip,tNJ4SL44Rh,Greece
675,Ellette,Carlo,ecarloiq@friendfeed.com,ecarloiq,t77CbB,Russia
676,Alaric,MacNess,amacnessir@intel.com,amacnessir,PsYt2M,Poland
677,Jeffrey,McGhee,jmcgheeis@shop-pro.jp,jmcgheeis,jrAl8NHsuL,Russia
678,Raynor,Fullwood,rfullwoodit@webs.com,rfullwoodit,7x1FxpQKoPm,China
679,Beth,Grevel,bgreveliu@nymag.com,bgreveliu,PougdzqbC,France
680,Kiley,Worvell,kworvelliv@mit.edu,kworvelliv,eXhUdn,China
681,Rabi,Swadlin,rswadliniw@disqus.com,rswadliniw,oXrz4Yjg,United States
682,Timoteo,Penddreth,tpenddrethix@amazon.co.jp,tpenddrethix,SIekcdX,Indonesia
683,Bibby,Wakefield,bwakefieldiy@vkontakte.ru,bwakefieldiy,o8sEQh7,Belgium
684,Olenolin,Meneghi,omeneghiiz@zdnet.com,omeneghiiz,Nxu8anSP2gSt,Nigeria
685,Chester,Rens,crensj0@w3.org,crensj0,ufGvTv,Portugal
686,Freeman,Gagen,fgagenj1@scientificamerican.com,fgagenj1,Aia9Qa,China
687,Nilson,Cometto,ncomettoj2@ameblo.jp,ncomettoj2,rRkVfN,China
688,Dom,Ryves,dryvesj3@vkontakte.ru,dryvesj3,pfoLbwHzWqW,China
689,Iris,Bastiman,ibastimanj4@printfriendly.com,ibastimanj4,1NM8sn5KIkt,Ukraine
690,Erik,Gatcliff,egatcliffj5@squarespace.com,egatcliffj5,B1KONCjgT,China
691,Olav,Newbery,onewberyj6@dagondesign.com,onewberyj6,b514pW420I96,France
692,Haze,Lowin,hlowinj7@jimdo.com,hlowinj7,9FcA7E,Brazil
693,Shandra,Emerson,semersonj8@booking.com,semersonj8,0YG1noqLvDYX,Pakistan
694,Korney,Cromly,kcromlyj9@topsy.com,kcromlyj9,wqvsf3Zu4Ok,Brazil
695,Wenonah,Bonnefin,wbonnefinja@godaddy.com,wbonnefinja,6uRxdh,Poland
696,Betti,Fransseni,bfranssenijb@biglobe.ne.jp,bfranssenijb,eP6QsJ6S,Sweden
697,Dorisa,Wimpress,dwimpressjc@thetimes.co.uk,dwimpressjc,hLc05BgpfRa,Afghanistan
698,Brandi,Roughley,broughleyjd@rakuten.co.jp,broughleyjd,fmDkFUhdb8y,Indonesia
699,Jarrett,Hasely,jhaselyje@over-blog.com,jhaselyje,mw8hSQV3D,Slovenia
700,Alexandrina,Rogier,arogierjf@bandcamp.com,arogierjf,5MW773w,Japan
701,Brittani,Tedstone,btedstonejg@opensource.org,btedstonejg,yQsvPwaxrbQJ,China
702,Murial,Kilpatrick,mkilpatrickjh@weather.com,mkilpatrickjh,JlP491,Indonesia
703,Lawton,Flemyng,lflemyngji@ted.com,lflemyngji,hDcIFThbulm,France
704,Rice,Deedes,rdeedesjj@paypal.com,rdeedesjj,gILTK7o7,Madagascar
705,Rudiger,Setchfield,rsetchfieldjk@aboutads.info,rsetchfieldjk,bjITd8o,Brazil
706,Koo,Sleep,ksleepjl@theglobeandmail.com,ksleepjl,fzoEk6Jg,United States
707,Keene,Budnik,kbudnikjm@yellowbook.com,kbudnikjm,vNCX1rf,China
708,Phelia,Stoller,pstollerjn@cnet.com,pstollerjn,SROSWYdW,Ghana
709,Henka,Mattiazzo,hmattiazzojo@shutterfly.com,hmattiazzojo,xtgb6He1zRIt,Sweden
710,Nicolle,Kleinhausen,nkleinhausenjp@uol.com.br,nkleinhausenjp,JmN5E3R,Panama
711,Curtice,Ingledow,cingledowjq@addtoany.com,cingledowjq,tPF1fzq26,Russia
712,Winny,Peterffy,wpeterffyjr@ca.gov,wpeterffyjr,EvFd0Fd,Portugal
713,Rhona,Matteau,rmatteaujs@nyu.edu,rmatteaujs,3MfQzHF1Wgzq,China
714,Fields,Blacker,fblackerjt@slate.com,fblackerjt,nf4ht8borBw2,China
715,Trefor,Peerman,tpeermanju@illinois.edu,tpeermanju,tIEIds7F,Sweden
716,Claudie,Carless,ccarlessjv@ibm.com,ccarlessjv,D6C5ogclKs,China
717,Arlie,Karys,akarysjw@mapy.cz,akarysjw,8Fve5Tyi,Afghanistan
718,Elianore,Fawke,efawkejx@github.com,efawkejx,6wUZp4NSQ,Honduras
719,Aylmar,Shearstone,ashearstonejy@purevolume.com,ashearstonejy,8SwqmCFUd,Indonesia
720,Olga,Tytler,otytlerjz@earthlink.net,otytlerjz,ZQnVFDTP4,Morocco
721,Rivalee,McEneny,rmcenenyk0@examiner.com,rmcenenyk0,rP6qACnKlyxD,Czech Republic
722,Ardeen,Charpling,acharplingk1@google.com.au,acharplingk1,mR02Bp7t90D9,Chile
723,Chelsie,Caverhill,ccaverhillk2@domainmarket.com,ccaverhillk2,PIRWshHnV9,Greece
724,Kathrine,Standley,kstandleyk3@businesswire.com,kstandleyk3,BNEBOhHyX,Senegal
725,Julieta,Hadwin,jhadwink4@youtube.com,jhadwink4,nd9ZdW,China
726,Stanford,Phebey,sphebeyk5@princeton.edu,sphebeyk5,aOS9p8GhS,China
727,Elfrida,Whitecross,ewhitecrossk6@godaddy.com,ewhitecrossk6,LQecVoU5j,Indonesia
728,Hana,Gaffey,hgaffeyk7@biglobe.ne.jp,hgaffeyk7,YLlg9HNP466,Botswana
729,Hilary,Conningham,hconninghamk8@over-blog.com,hconninghamk8,llF0Zi3Uhp,Philippines
730,Rem,Gover,rgoverk9@nsw.gov.au,rgoverk9,9e6onG,China
731,Sheela,Tole,stoleka@engadget.com,stoleka,4rDIGsd74hUa,Mexico
732,Fair,Ruhben,fruhbenkb@nature.com,fruhbenkb,IPnS6J,Philippines
733,Magdalene,MacRierie,mmacrieriekc@latimes.com,mmacrieriekc,1JcNzQt0,Argentina
734,Thomasina,Cockshoot,tcockshootkd@umich.edu,tcockshootkd,EQJPld8p,Ukraine
735,Bobbie,Macci,bmaccike@sphinn.com,bmaccike,cjJw53VUH,United States
736,Michaelina,Jameson,mjamesonkf@multiply.com,mjamesonkf,oCRh8erjiHq,Indonesia
737,Sayre,Misk,smiskkg@fema.gov,smiskkg,X4Zqyq,Philippines
738,Xymenes,Livingston,xlivingstonkh@wikia.com,xlivingstonkh,66AXrCmjD6Ds,France
739,Nelia,Gayler,ngaylerki@fotki.com,ngaylerki,LzSmjPGK6HcK,Fiji
740,Darnell,Marvel,dmarvelkj@hao123.com,dmarvelkj,7tT4WEcunxWh,Russia
741,Jemmie,O'Grogane,jogroganekk@fda.gov,jogroganekk,2Ki9rx0,United States
742,Madelon,Trayton,mtraytonkl@wiley.com,mtraytonkl,qXaw99F,France
743,Franzen,Yosevitz,fyosevitzkm@slashdot.org,fyosevitzkm,phfoDmjmpBjX,Mexico
744,Hephzibah,Stickels,hstickelskn@imageshack.us,hstickelskn,yr4HUwmVEBC,Russia
745,Toma,McRoberts,tmcrobertsko@statcounter.com,tmcrobertsko,9XpzHQEA,Iran
746,Devland,Gorgl,dgorglkp@bigcartel.com,dgorglkp,jrciDMMav8jl,Chad
747,Antin,Kindleysides,akindleysideskq@comsenz.com,akindleysideskq,hy1ns11N,Chile
748,Franklin,Spurgeon,fspurgeonkr@scientificamerican.com,fspurgeonkr,p1ah0jA6m,China
749,Helenka,Well,hwellks@theguardian.com,hwellks,2aXPX1HDbf,China
750,Paolina,Henstone,phenstonekt@fc2.com,phenstonekt,6KgaLk31,Russia
751,Caryl,Sisson,csissonku@gmpg.org,csissonku,WqPdD3,Portugal
752,Dean,Hessay,dhessaykv@seattletimes.com,dhessaykv,72aYoWskT,Indonesia
753,Alecia,McCleary,amcclearykw@sphinn.com,amcclearykw,RasUN1h,Czech Republic
754,Betty,Ben-Aharon,bbenaharonkx@angelfire.com,bbenaharonkx,DXlEWOoRcLx,Portugal
755,Kaine,Lates,klatesky@gnu.org,klatesky,aN5qth,China
756,De witt,Rosoni,drosonikz@google.com.au,drosonikz,igTQMf,Belarus
757,Saul,Bamborough,sbamboroughl0@squidoo.com,sbamboroughl0,7J0jl31,Japan
758,Marijo,Kemmons,mkemmonsl1@ibm.com,mkemmonsl1,WNCI2iuWK,Sweden
759,Josefina,Oliveti,jolivetil2@soundcloud.com,jolivetil2,fwLZnw,Ireland
760,Ynez,Kennard,ykennardl3@wunderground.com,ykennardl3,3RFOZVjg2,Tanzania
761,Bethena,Ezele,bezelel4@toplist.cz,bezelel4,uisHanMpdpJa,Trinidad and Tobago
762,Kurt,German,kgermanl5@quantcast.com,kgermanl5,XAMnFVjo,Argentina
763,Daune,Priestner,dpriestnerl6@eventbrite.com,dpriestnerl6,tMYmpKbs,Indonesia
764,Hilliard,Dalman,hdalmanl7@tmall.com,hdalmanl7,li4S1g7dbDv,China
765,Cindelyn,Arlidge,carlidgel8@reuters.com,carlidgel8,uDjEPyspo,Montserrat
766,Bartlett,Robilart,brobilartl9@wix.com,brobilartl9,l6R0JF,Georgia
767,Dewey,Domleo,ddomleola@oaic.gov.au,ddomleola,63NS2WB,Sweden
768,Dolli,Kadwallider,dkadwalliderlb@hugedomains.com,dkadwalliderlb,TTLMJ3WFpep,Sweden
769,Ulrike,Iannuzzelli,uiannuzzellilc@abc.net.au,uiannuzzellilc,4fISipcLjg9,Indonesia
770,Barry,Stokoe,bstokoeld@theatlantic.com,bstokoeld,8fyQonoYoPRZ,Chile
771,Edd,Mulvany,emulvanyle@moonfruit.com,emulvanyle,mQOEFGg,Burkina Faso
772,Emelda,Quakley,equakleylf@nature.com,equakleylf,s3z0bJmILI,Nepal
773,Moise,Missenden,mmissendenlg@arstechnica.com,mmissendenlg,KIplbdde,Italy
774,Yoko,Brandts,ybrandtslh@soup.io,ybrandtslh,kzV64U4HK4,China
775,Marshal,Thompstone,mthompstoneli@goo.gl,mthompstoneli,WFQcZt66F,Mozambique
776,Dacie,Skettles,dskettleslj@blogtalkradio.com,dskettleslj,xmrmkN,China
777,Chancey,Bugby,cbugbylk@wix.com,cbugbylk,F6m8u56R1bIR,Czech Republic
778,Eustacia,Facher,efacherll@is.gd,efacherll,Aftxpm3Bnof,China
779,Constantia,Clutheram,cclutheramlm@drupal.org,cclutheramlm,g6vCerpi,China
780,Don,Diehn,ddiehnln@dropbox.com,ddiehnln,zs8TfRRNe,Ukraine
781,Gregg,Pyrton,gpyrtonlo@aol.com,gpyrtonlo,yh5ZZeJ,Poland
782,Isobel,Burman,iburmanlp@howstuffworks.com,iburmanlp,jit9eT2,China
783,Charmine,Fabri,cfabrilq@foxnews.com,cfabrilq,OpQR2y8MO,China
784,Drona,Peller,dpellerlr@geocities.jp,dpellerlr,lK3cMD,Russia
785,Myrtle,Staniford,mstanifordls@reddit.com,mstanifordls,qBxtFB,Portugal
786,Jaynell,Gladdor,jgladdorlt@gov.uk,jgladdorlt,rwOshICU,Poland
787,Linea,Measures,lmeasureslu@blogtalkradio.com,lmeasureslu,az8NnkBIzY,China
788,Mariette,Bobasch,mbobaschlv@upenn.edu,mbobaschlv,91kVkD5jpVX,Japan
789,Andras,Langdale,alangdalelw@ocn.ne.jp,alangdalelw,sh3xF4Fcb3Bz,China
790,Laurianne,Sleeman,lsleemanlx@cdc.gov,lsleemanlx,cCkRgn1,Czech Republic
791,Wenda,Barents,wbarentsly@patch.com,wbarentsly,DAfH2egzW,Portugal
792,Tedi,Shergill,tshergilllz@photobucket.com,tshergilllz,hgefwt,Brazil
793,Raimondo,Ziebart,rziebartm0@squidoo.com,rziebartm0,LKoQciRTvZ,Portugal
794,Jannelle,Manueli,jmanuelim1@dailymotion.com,jmanuelim1,fvVMfooQv,Indonesia
795,Brianna,Roussell,broussellm2@springer.com,broussellm2,qsQUKlJ,Indonesia
796,Jeffrey,Harron,jharronm3@accuweather.com,jharronm3,G9Jgz9R,Japan
797,Randy,Janowski,rjanowskim4@fotki.com,rjanowskim4,dZAbtaZrYgv,Namibia
798,Prudy,Giovannetti,pgiovannettim5@cargocollective.com,pgiovannettim5,7JImuRX,Russia
799,Dag,Clackson,dclacksonm6@engadget.com,dclacksonm6,HZASMve08uE,Brazil
800,Fleming,Selland,fsellandm7@tiny.cc,fsellandm7,1qUtCPnh5,France
801,Mic,Yorston,myorstonm8@yellowbook.com,myorstonm8,a7LOiskhL,France
802,Karin,Marton,kmartonm9@paypal.com,kmartonm9,ND6gck,China
803,Marjy,Enrietto,menriettoma@jugem.jp,menriettoma,rgqleGe,Spain
804,Ker,Ruddlesden,kruddlesdenmb@gmpg.org,kruddlesdenmb,lHomlc1xB,United States
805,Granville,Oluwatoyin,goluwatoyinmc@zdnet.com,goluwatoyinmc,kRRJ7yzbd,Brazil
806,Humfried,Lawrinson,hlawrinsonmd@kickstarter.com,hlawrinsonmd,qBnmYQKO,China
807,Darb,Kupker,dkupkerme@ft.com,dkupkerme,dBpainQ,Rwanda
808,Yorker,Atwell,yatwellmf@bloomberg.com,yatwellmf,OGXx75s6pWuj,Poland
809,Thatch,McIlenna,tmcilennamg@creativecommons.org,tmcilennamg,MhWN3h,Russia
810,Bryn,Conechie,bconechiemh@reddit.com,bconechiemh,jIks5a,Indonesia
811,Tulley,Burril,tburrilmi@eventbrite.com,tburrilmi,4nnqMyc,Poland
812,Madelene,Hartright,mhartrightmj@ow.ly,mhartrightmj,hUbpoH3AIrt,Russia
813,Bobbie,Gaiger,bgaigermk@ustream.tv,bgaigermk,QpwiWoT8YGU,China
814,Kira,Chominski,kchominskiml@delicious.com,kchominskiml,sInOxBsBtPNO,Indonesia
815,Germain,Brandolini,gbrandolinimm@independent.co.uk,gbrandolinimm,mGQLEXNhV,United States
816,Bondie,Boal,bboalmn@photobucket.com,bboalmn,49XWDLTT009,Indonesia
817,Ennis,Churms,echurmsmo@ocn.ne.jp,echurmsmo,Lb7qpt47zB,Japan
818,Edlin,Comiskey,ecomiskeymp@businesswire.com,ecomiskeymp,YYvU9jV4Q,Dominican Republic
819,Darcey,Arnolds,darnoldsmq@pen.io,darnoldsmq,MJiNhnw8z,Russia
820,Tan,Cran,tcranmr@dagondesign.com,tcranmr,KmmfL3,Indonesia
821,Saraann,Kember,skemberms@over-blog.com,skemberms,TaUc9l6nXA,Iran
822,Ginni,Medina,gmedinamt@istockphoto.com,gmedinamt,5uI2omX4,Mongolia
823,Tomi,Halburton,thalburtonmu@java.com,thalburtonmu,aXRqhWawygJ9,China
824,Bucky,Martino,bmartinomv@taobao.com,bmartinomv,gESOyB8yqCPj,China
825,Warren,Jordeson,wjordesonmw@auda.org.au,wjordesonmw,ZpqHVbw7,Colombia
826,Flory,Lofts,floftsmx@drupal.org,floftsmx,7AEsDouoEkm,Mauritius
827,Elisa,Wathall,ewathallmy@ucsd.edu,ewathallmy,yXlFfVDzHk,Germany
828,Bertie,Staveley,bstaveleymz@cnbc.com,bstaveleymz,aGXDtYXQjDBe,El Salvador
829,Taber,Mulvagh,tmulvaghn0@yahoo.co.jp,tmulvaghn0,zxplvs3,Sweden
830,Jonis,Beefon,jbeefonn1@buzzfeed.com,jbeefonn1,uMXerKbW,Brazil
831,Arliene,Hollows,ahollowsn2@creativecommons.org,ahollowsn2,bLAAfaahvz,New Zealand
832,Sloan,Dubery,sduberyn3@adobe.com,sduberyn3,oIS7lAPSp,Greece
833,Bennie,Macklam,bmacklamn4@smh.com.au,bmacklamn4,fqYSH1,China
834,Jeffrey,Latus,jlatusn5@tinyurl.com,jlatusn5,gDZ8xNq,Indonesia
835,Tina,Brum,tbrumn6@globo.com,tbrumn6,89D0IoM5KRo,Russia
836,Tressa,Muggach,tmuggachn7@xing.com,tmuggachn7,QvTuSMrzTB,Brazil
837,Elane,Natt,enattn8@github.com,enattn8,aJ8vLTuiqs7N,Russia
838,Bondie,Greenhill,bgreenhilln9@boston.com,bgreenhilln9,IoDH6Ed,Sweden
839,Melli,Tutchings,mtutchingsna@123-reg.co.uk,mtutchingsna,b51YQtYSq,Argentina
840,Lina,Palfreyman,lpalfreymannb@huffingtonpost.com,lpalfreymannb,foAJ9YmPXhE,South Africa
841,Devina,Sapsed,dsapsednc@themeforest.net,dsapsednc,Mn9kEMxlYIH5,China
842,Niles,Caps,ncapsnd@photobucket.com,ncapsnd,3R3vgYaRk3Y,Argentina
843,Vonni,Bachnic,vbachnicne@mysql.com,vbachnicne,gWEsR52,China
844,Gaylord,Holme,gholmenf@jugem.jp,gholmenf,HbwXxoun,Czech Republic
845,Sebastien,Pantridge,spantridgeng@sciencedaily.com,spantridgeng,fbiJ47L3LQzG,Portugal
846,Anya,Montier,amontiernh@reference.com,amontiernh,4P2izXXbLiH,China
847,Michal,MacLucais,mmaclucaisni@dedecms.com,mmaclucaisni,mPUyW6o,Russia
848,Cynthie,Kainz,ckainznj@amazon.co.uk,ckainznj,rF0FeT5j,Sweden
849,Kania,Cash,kcashnk@marriott.com,kcashnk,NTr0LW2Otd,Costa Rica
850,Eduardo,Jodlkowski,ejodlkowskinl@wikia.com,ejodlkowskinl,Q0DGrj61MD,Indonesia
851,Charin,Lownie,clownienm@networksolutions.com,clownienm,J5pM8u58Ui,Philippines
852,Lucias,Rickerd,lrickerdnn@is.gd,lrickerdnn,HTzU728,Indonesia
853,Ailis,MacCrachen,amaccrachenno@dailymail.co.uk,amaccrachenno,JpgG4sh8nn,Peru
854,Dion,Scarsbrooke,dscarsbrookenp@joomla.org,dscarsbrookenp,ha4AuUnIA,Latvia
855,Jabez,Cowle,jcowlenq@cbc.ca,jcowlenq,vZvPiB4,Peru
856,Curtice,Le Claire,cleclairenr@csmonitor.com,cleclairenr,9QXJiOjM3S,Lithuania
857,Kirby,Corteis,kcorteisns@house.gov,kcorteisns,F5MXhbBV,Japan
858,Claudian,Goomes,cgoomesnt@intel.com,cgoomesnt,rj2jhK5x,Russia
859,Crista,Bastian,cbastiannu@narod.ru,cbastiannu,GWvj2X,Haiti
860,Ame,Churchard,achurchardnv@wisc.edu,achurchardnv,Pci7hRLBs,Mongolia
861,Georgiana,Croome,gcroomenw@tmall.com,gcroomenw,XqNNqAnXCo9,Brazil
862,Rollin,Hudel,rhudelnx@gov.uk,rhudelnx,DCjtaaMDh,Indonesia
863,Linea,Couthard,lcouthardny@ning.com,lcouthardny,sBx2SqjCH1,Philippines
864,Tally,Le Sarr,tlesarrnz@abc.net.au,tlesarrnz,0b1uB8UgID6k,Japan
865,Charin,Percy,cpercyo0@macromedia.com,cpercyo0,m4yjFA,China
866,Carlin,Kropp,ckroppo1@amazonaws.com,ckroppo1,26t9q9LyenkM,Poland
867,Mortie,Fere,mfereo2@skype.com,mfereo2,s9L3C6J8PTai,Cameroon
868,Dulci,Dronsfield,ddronsfieldo3@businessinsider.com,ddronsfieldo3,L6oXg04E,Uzbekistan
869,Leticia,Charlson,lcharlsono4@ca.gov,lcharlsono4,083Z6EpQ,China
870,Fawnia,Kildahl,fkildahlo5@wired.com,fkildahlo5,uMKHRXujskNT,Egypt
871,Gibb,Gundrey,ggundreyo6@globo.com,ggundreyo6,GKe7WLFhvLmx,Ivory Coast
872,Alysa,Dressel,adresselo7@rambler.ru,adresselo7,Wljfgx5,Sweden
873,Wylie,Baythrop,wbaythropo8@statcounter.com,wbaythropo8,sPoNKw,Ethiopia
874,Carrissa,de Clerc,cdeclerco9@com.com,cdeclerco9,Mh72lDK,Sweden
875,Dane,Haggus,dhaggusoa@google.es,dhaggusoa,LESp98XU,China
876,Clo,Kidder,ckidderob@example.com,ckidderob,kvoLmXCbFvK,Poland
877,Rocky,Slavin,rslavinoc@cnbc.com,rslavinoc,uSFb6Ry9D,Philippines
878,Keefe,Simonassi,ksimonassiod@hc360.com,ksimonassiod,dpPs9g,Guatemala
879,Claudetta,Ansty,canstyoe@upenn.edu,canstyoe,T15tZA4,Peru
880,Hewett,Piletic,hpileticof@umn.edu,hpileticof,PHaUyvhssn,Sweden
881,Isidoro,Cancellieri,icancellieriog@prnewswire.com,icancellieriog,mMh8b6ES5sS,Russia
882,Auria,Harbert,aharbertoh@sourceforge.net,aharbertoh,4IklBEm1Sc55,Thailand
883,Rudolf,Janaway,rjanawayoi@cafepress.com,rjanawayoi,5cm6aj9c,Russia
884,Milton,Murrum,mmurrumoj@themeforest.net,mmurrumoj,eeGGxt,France
885,Brion,Bithell,bbithellok@jiathis.com,bbithellok,XzVNWLuisq,China
886,Darby,Gutierrez,dgutierrezol@ezinearticles.com,dgutierrezol,n73Op0VDRNA,Peru
887,Nathalie,Jouannin,njouanninom@cyberchimps.com,njouanninom,xQn0tSRPr,Poland
888,Tudor,Lumber,tlumberon@creativecommons.org,tlumberon,RTPRNOw,Russia
889,Edan,Larham,elarhamoo@wordpress.com,elarhamoo,bIkbqb,Philippines
890,Robert,Moran,rmoranop@paginegialle.it,rmoranop,sby96U0d8G,Ukraine
891,Reiko,Scudders,rscuddersoq@guardian.co.uk,rscuddersoq,ZCgpkzQGUmRe,Bolivia
892,Lee,Kermon,lkermonor@themeforest.net,lkermonor,GpHXqhIl,Portugal
893,Gilbert,Greetland,ggreetlandos@homestead.com,ggreetlandos,lb8gdkJ47cU,Indonesia
894,Edgar,Perrottet,eperrottetot@plala.or.jp,eperrottetot,76GEFi4Av,Japan
895,Kirby,Domanski,kdomanskiou@lulu.com,kdomanskiou,Vz3qcml2m,Jordan
896,Joni,Larratt,jlarrattov@hao123.com,jlarrattov,vGJ430ke,Indonesia
897,Emmit,Stonary,estonaryow@qq.com,estonaryow,iU3wV8Rb,Ukraine
898,Bianca,Bibbie,bbibbieox@reverbnation.com,bbibbieox,xnovxAraLR,Bangladesh
899,Renado,Kerne,rkerneoy@springer.com,rkerneoy,ycJAUZjSs,Venezuela
900,Brande,Ricciardiello,bricciardiellooz@quantcast.com,bricciardiellooz,sy9k8WM,Oman
901,Vladimir,Vobes,vvobesp0@forbes.com,vvobesp0,asQv9gwEXk5,Indonesia
902,Concordia,Winspur,cwinspurp1@who.int,cwinspurp1,eXFHbj5HvWx,Brazil
903,Jayme,Beecham,jbeechamp2@hp.com,jbeechamp2,E5qvgmr,Moldova
904,Karlene,Pitone,kpitonep3@hexun.com,kpitonep3,QnvGKIPmy8GQ,China
905,Chere,Sugge,csuggep4@ca.gov,csuggep4,Fq4m5itOIH,China
906,Georgeanne,Cairney,gcairneyp5@fda.gov,gcairneyp5,FiBky0N,Sierra Leone
907,Catie,Renouf,crenoufp6@nydailynews.com,crenoufp6,VgjVsnS,Ireland
908,Gnni,Tranter,gtranterp7@etsy.com,gtranterp7,bAeIYp4i,Armenia
909,Worden,Brushneen,wbrushneenp8@businessinsider.com,wbrushneenp8,yXRmopB2dY,Morocco
910,Robena,Cisar,rcisarp9@opensource.org,rcisarp9,sTtqQz6A,Indonesia
911,Cathee,Sturton,csturtonpa@chronoengine.com,csturtonpa,LaeyIK,Indonesia
912,Meara,Thomazet,mthomazetpb@sciencedaily.com,mthomazetpb,7qFfCWE8,Greece
913,Fritz,Goolden,fgooldenpc@epa.gov,fgooldenpc,fe6vnWcHy8,Russia
914,Cherri,Tyres,ctyrespd@nature.com,ctyrespd,4fMFBRhAo,Portugal
915,Shea,Medhurst,smedhurstpe@diigo.com,smedhurstpe,La6rB0P5Vw,China
916,Ariella,Rikel,arikelpf@cdc.gov,arikelpf,PPK4gq2QizS,China
917,Ivy,Komorowski,ikomorowskipg@engadget.com,ikomorowskipg,3ejzOHt,Indonesia
918,Genny,Beavers,gbeaversph@hatena.ne.jp,gbeaversph,eyfmPPWZZHhN,Russia
919,Jeramie,Sikora,jsikorapi@epa.gov,jsikorapi,r2vCXYdMW,Finland
920,Carroll,Officer,cofficerpj@walmart.com,cofficerpj,IoLH3zii9u2,Slovenia
921,Gustaf,Schott,gschottpk@cloudflare.com,gschottpk,6NfxS5Cf4,Indonesia
922,Collen,Clandillon,cclandillonpl@home.pl,cclandillonpl,gOutyN,Sweden
923,Clo,Simonsen,csimonsenpm@omniture.com,csimonsenpm,lAtd5T,Honduras
924,Kat,Mayhead,kmayheadpn@dailymotion.com,kmayheadpn,FgL1Fh0MhdN,China
925,Nil,Byfford,nbyffordpo@youku.com,nbyffordpo,DwVmN3,Philippines
926,Si,Goucher,sgoucherpp@amazon.co.jp,sgoucherpp,C9C7qk6b2ncQ,Tanzania
927,Doria,Chaffyn,dchaffynpq@bbc.co.uk,dchaffynpq,F1dZJ9rBqY,Peru
928,Yetty,Exelby,yexelbypr@ftc.gov,yexelbypr,ycO6YX0gts4,France
929,Carmelina,Ludford,cludfordps@time.com,cludfordps,Ep8kgkgcmfla,China
930,Christoper,Corwin,ccorwinpt@ucoz.com,ccorwinpt,zS7KHizU4,Philippines
931,Giusto,Winsor,gwinsorpu@cnet.com,gwinsorpu,d7dWTUU29,Mexico
932,Berky,Hamer,bhamerpv@whitehouse.gov,bhamerpv,kJDvy5t,Brazil
933,Reynolds,Portail,rportailpw@theatlantic.com,rportailpw,YkO8DL,Macedonia
934,Ilyssa,Angell,iangellpx@youku.com,iangellpx,pHzRQKU,China
935,Giacomo,Cubbinelli,gcubbinellipy@zimbio.com,gcubbinellipy,UlA6dvjfX,Peru
936,Karla,Bessent,kbessentpz@infoseek.co.jp,kbessentpz,6JBedV8ozn,China
937,Virgina,Fripps,vfrippsq0@xing.com,vfrippsq0,sxJKxRf1,Indonesia
938,Maxi,Tixall,mtixallq1@aboutads.info,mtixallq1,ezstphFd,Poland
939,Mata,Hembling,mhemblingq2@reddit.com,mhemblingq2,vLRY8KfZem,United States
940,Winifield,Denniss,wdennissq3@lulu.com,wdennissq3,7Uorak3Zc,United States
941,Artur,Corps,acorpsq4@usa.gov,acorpsq4,taEOtXBFD,Pakistan
942,Adriaens,Furlonge,afurlongeq5@prweb.com,afurlongeq5,Q0jUtAuol,China
943,Dena,Thorndycraft,dthorndycraftq6@cnbc.com,dthorndycraftq6,hat9itB,Philippines
944,Hermione,Normanton,hnormantonq7@fc2.com,hnormantonq7,MQBKTdAS,China
945,Vern,Wilkowski,vwilkowskiq8@weather.com,vwilkowskiq8,15sqmuflv2u,United States
946,Elka,Dedmam,ededmamq9@themeforest.net,ededmamq9,Ca2n715h,China
947,Rinaldo,Forte,rforteqa@springer.com,rforteqa,qgIlxuPyMtT,Brazil
948,Lexine,Syratt,lsyrattqb@vimeo.com,lsyrattqb,s1ds2VDGvy,Iran
949,Miriam,Clarage,mclarageqc@friendfeed.com,mclarageqc,xIgm3JUYX8,China
950,Donny,Farnall,dfarnallqd@bluehost.com,dfarnallqd,zXisG6wc8Z33,Ivory Coast
951,Shani,Karlolczak,skarlolczakqe@java.com,skarlolczakqe,wOPQvpf4lxO4,Argentina
952,Dorian,Avis,davisqf@engadget.com,davisqf,Eoxtz8l,Philippines
953,Seward,Randles,srandlesqg@aboutads.info,srandlesqg,3IxDPo8,Norway
954,Elvina,Cicco,eciccoqh@seesaa.net,eciccoqh,UYHtzsJt0EI,Canada
955,Tamar,Yetton,tyettonqi@cam.ac.uk,tyettonqi,40inFL,China
956,Washington,Fuggle,wfuggleqj@taobao.com,wfuggleqj,U75dVnON,China
957,Fletch,Philpotts,fphilpottsqk@indiatimes.com,fphilpottsqk,IoyNTWA,China
958,Louise,Kennermann,lkennermannql@latimes.com,lkennermannql,DCzhUaJYjq,Ukraine
959,Ruben,Hanton,rhantonqm@addthis.com,rhantonqm,Emw4LFyHDrmo,Albania
960,Stefa,Byne,sbyneqn@nps.gov,sbyneqn,I617IqU5lG,Canada
961,Millard,Bacop,mbacopqo@moonfruit.com,mbacopqo,LIMg2EqP,Indonesia
962,Delphinia,D'Alessio,ddalessioqp@shinystat.com,ddalessioqp,y7OlPUaVRIto,Saint Barthelemy
963,Diego,Littefair,dlittefairqq@feedburner.com,dlittefairqq,4eMbWnX,Saudi Arabia
964,Laurella,Pocknoll,lpocknollqr@moonfruit.com,lpocknollqr,ksCxHqs,China
965,Eliot,Mongenot,emongenotqs@businessweek.com,emongenotqs,S4x9sH1v,France
966,Patricia,Bewlie,pbewlieqt@simplemachines.org,pbewlieqt,RdInggAaEu9y,Philippines
967,Jeffrey,Head,jheadqu@sohu.com,jheadqu,RTTuxrvSl3a,Russia
968,Grange,Petrazzi,gpetrazziqv@oracle.com,gpetrazziqv,8dlFdRF4LzkR,Indonesia
969,Billie,Mc Caughan,bmccaughanqw@cocolog-nifty.com,bmccaughanqw,ZIkoLQx,Libya
970,Rhodia,Barcke,rbarckeqx@cbsnews.com,rbarckeqx,8QCP4B5bwG,Bulgaria
971,Saunders,Cufley,scufleyqy@nsw.gov.au,scufleyqy,dp7sArx,Niger
972,Gerry,Pattesall,gpattesallqz@friendfeed.com,gpattesallqz,WDehQ0w0hn,Poland
973,Michaelina,Cordier,mcordierr0@miibeian.gov.cn,mcordierr0,3Y17bt4eLVMl,Indonesia
974,Yorgos,Hitzschke,yhitzschker1@slate.com,yhitzschker1,PV7cTnC,Yemen
975,Odele,Dog,odogr2@1und1.de,odogr2,1OnVW7k,Brazil
976,Steve,Mell,smellr3@stanford.edu,smellr3,NvFhIhUB2,Indonesia
977,Dwain,Koubek,dkoubekr4@earthlink.net,dkoubekr4,BwCgILSzfkE,China
978,Tabby,Tothacot,ttothacotr5@yelp.com,ttothacotr5,IGTiPt,Indonesia
979,Blinni,Crump,bcrumpr6@pagesperso-orange.fr,bcrumpr6,F29RN9YW,Poland
980,Fanchette,Ferens,fferensr7@wix.com,fferensr7,lLSeadY9FoF,France
981,Michal,Naughton,mnaughtonr8@army.mil,mnaughtonr8,DhxxvYe,Ukraine
982,Bennie,MacCulloch,bmaccullochr9@dailymotion.com,bmaccullochr9,hsNLhg0,Bulgaria
983,Leese,Bollini,lbollinira@bbc.co.uk,lbollinira,NKfnVipsEDZ,Honduras
984,Lon,McCarlie,lmccarlierb@github.com,lmccarlierb,cAeKlmpIZB,Indonesia
985,Winston,Seymer,wseymerrc@blog.com,wseymerrc,xrrmX7Zc,China
986,Lanette,Langtree,llangtreerd@goo.gl,llangtreerd,lu5oJ6ICeS2,China
987,Willamina,Bottjer,wbottjerre@t-online.de,wbottjerre,7rWodRHhg2,Japan
988,Pansy,Seville,psevillerf@github.io,psevillerf,44uPlOPP7NuO,Russia
989,Mathilda,Doding,mdodingrg@arizona.edu,mdodingrg,mV6kP4x,Croatia
990,Jacinda,Almack,jalmackrh@who.int,jalmackrh,sTp6Yq7O8,Syria
991,Berkley,Bartolomieu,bbartolomieuri@about.me,bbartolomieuri,ierA4l4mrOe,Bangladesh
992,Eal,Placido,eplacidorj@hostgator.com,eplacidorj,1gjxC2Qgz,China
993,Cleavland,McKiddin,cmckiddinrk@symantec.com,cmckiddinrk,Vn7Mwm0fP3w,China
994,Chase,Conerding,cconerdingrl@auda.org.au,cconerdingrl,wWXxHQvhKMpY,China
995,Paige,Bromont,pbromontrm@latimes.com,pbromontrm,yF5DWBEEeuU,China
996,Tamra,Rudgerd,trudgerdrn@go.com,trudgerdrn,aSAVAKAZlc8,Czech Republic
997,Pammi,Demongeot,pdemongeotro@drupal.org,pdemongeotro,uoa5Jq8Wb,Indonesia
998,Joanie,Jeggo,jjeggorp@biglobe.ne.jp,jjeggorp,ZHi9FVi3,Liberia
999,Orren,Aldous,oaldousrq@about.me,oaldousrq,ztJqIwNzT,France
1000,Berkly,Burnyeat,bburnyeatrr@xinhuanet.com,bburnyeatrr,rI0hEwAaaJ,South Korea
